#
# There is insufficient memory for the Java Runtime Environment to continue.
# Native memory allocation (malloc) failed to allocate 1310256 bytes for Chunk::new
# Possible reasons:
#   The system is out of physical RAM or swap space
#   The process is running with CompressedOops enabled, and the Java Heap may be blocking the growth of the native heap
# Possible solutions:
#   Reduce memory load on the system
#   Increase physical memory or swap space
#   Check if swap backing store is full
#   Decrease Java heap size (-Xmx/-Xms)
#   Decrease number of Java threads
#   Decrease Java thread stack sizes (-Xss)
#   Set larger code cache with -XX:ReservedCodeCacheSize=
#   JVM is running with Unscaled Compressed Oops mode in which the Java heap is
#     placed in the first 4GB address space. The Java Heap base address is the
#     maximum limit for the native heap growth. Please use -XX:HeapBaseMinAddress
#     to set the Java Heap base and to place the Java Heap above 4GB virtual address.
# This output file may be truncated or incomplete.
#
#  Out of Memory Error (arena.cpp:189), pid=26924, tid=35428
#
# JRE version: Java(TM) SE Runtime Environment (17.0.12+8) (build 17.0.12+8-LTS-286)
# Java VM: Java HotSpot(TM) 64-Bit Server VM (17.0.12+8-LTS-286, mixed mode, sharing, tiered, compressed oops, compressed class ptrs, g1 gc, windows-amd64)
# No core dump will be written. Minidumps are not enabled by default on client versions of Windows
#

---------------  S U M M A R Y ------------

Command Line: -XX:MaxMetaspaceSize=512m --add-opens=java.base/java.util=ALL-UNNAMED --add-opens=java.base/java.lang=ALL-UNNAMED --add-opens=java.base/java.lang.invoke=ALL-UNNAMED --add-opens=java.prefs/java.util.prefs=ALL-UNNAMED --add-opens=java.base/java.nio.charset=ALL-UNNAMED --add-opens=java.base/java.net=ALL-UNNAMED --add-opens=java.base/java.util.concurrent.atomic=ALL-UNNAMED -Xmx2048m -Dfile.encoding=windows-1252 -Duser.country=IN -Duser.language=en -Duser.variant -javaagent:C:\Users\user\.gradle\wrapper\dists\gradle-8.8-bin\dl7vupf4psengwqhwktix4v1\gradle-8.8\lib\agents\gradle-instrumentation-agent-8.8.jar org.gradle.launcher.daemon.bootstrap.GradleDaemon 8.8

Host: 11th Gen Intel(R) Core(TM) i5-11400H @ 2.70GHz, 12 cores, 7G,  Windows 11 , 64 bit Build 26100 (10.0.26100.9549)
Time: Tue Sep 29 12:35:59 2026 India Standard Time elapsed time: 98.292035 seconds (0d 0h 1m 38s)

---------------  T H R E A D  ---------------

Current thread (0x000001ec49148cb0):  JavaThread "C2 CompilerThread0" daemon [_thread_in_native, id=35428, stack(0x00000045c7300000,0x00000045c7400000)]


Current CompileTask:
C2:  98292 18025       4       org.gradle.internal.snapshot.impl.DirectorySnapshotter$PathVisitor::snapshotFile (213 bytes)

Stack: [0x00000045c7300000,0x00000045c7400000]
Native frames: (J=compiled Java code, j=interpreted, Vv=VM code, C=native code)
V  [jvm.dll+0x67a04a]
V  [jvm.dll+0x7da4ed]
V  [jvm.dll+0x7dbe33]
V  [jvm.dll+0x7dc4a3]
V  [jvm.dll+0x24508f]
V  [jvm.dll+0xab773]
V  [jvm.dll+0xabd3c]
V  [jvm.dll+0x361b9f]
V  [jvm.dll+0x1ba45a]
V  [jvm.dll+0x216997]
V  [jvm.dll+0x215c6f]
V  [jvm.dll+0x1a2960]
V  [jvm.dll+0x22610b]
V  [jvm.dll+0x2242ab]
V  [jvm.dll+0x79075c]
V  [jvm.dll+0x78abea]
V  [jvm.dll+0x678f35]
C  [ucrtbase.dll+0x2cd30]
C  [KERNEL32.DLL+0x2cdf7]
C  [ntdll.dll+0x7ee4c]


---------------  P R O C E S S  ---------------

Threads class SMR info:
_java_thread_list=0x000001ec6fad3eb0, length=204, elements={
0x000001ec2aaef750, 0x000001ec4911f4b0, 0x000001ec49120700, 0x000001ec491362c0,
0x000001ec491377b0, 0x000001ec4913a810, 0x000001ec4913b860, 0x000001ec49148cb0,
0x000001ec4914d6a0, 0x000001ec49151be0, 0x000001ec49108a10, 0x000001ec494a5a00,
0x000001ec698c1450, 0x000001ec691ddf40, 0x000001ec694c2d00, 0x000001ec6a308a10,
0x000001ec6a11db70, 0x000001ec6a29c810, 0x000001ec6a29b3d0, 0x000001ec6a299a80,
0x000001ec6a29c300, 0x000001ec6a29bdf0, 0x000001ec6a29aec0, 0x000001ec6a29b8e0,
0x000001ec6a299570, 0x000001ec6a299f90, 0x000001ec6a29a9b0, 0x000001ec6a29a4a0,
0x000001ec6a5df9b0, 0x000001ec6a5e1300, 0x000001ec6a5dfec0, 0x000001ec6a5dea80,
0x000001ec6a5def90, 0x000001ec6a5df4a0, 0x000001ec6a5e03d0, 0x000001ec6a5e08e0,
0x000001ec6a5e1810, 0x000001ec6a5e1d20, 0x000001ec6a5de570, 0x000001ec6a5e54d0,
0x000001ec6a5e59e0, 0x000001ec6a5e2230, 0x000001ec6a5e3160, 0x000001ec6a5e3b80,
0x000001ec6a5e45a0, 0x000001ec6a5e3670, 0x000001ec6a5e2740, 0x000001ec6a5e4ab0,
0x000001ec6a5e4090, 0x000001ec6a5e4fc0, 0x000001ec6bc4bda0, 0x000001ec6bc4c2b0,
0x000001ec6bc4d6f0, 0x000001ec6bc4c7c0, 0x000001ec6bc4dc00, 0x000001ec6bc4e110,
0x000001ec6bc4e620, 0x000001ec6bc4eb30, 0x000001ec6bc4f040, 0x000001ec6bc4ccd0,
0x000001ec6bc4b890, 0x000001ec6bc50990, 0x000001ec6bc4ff70, 0x000001ec6bc4d1e0,
0x000001ec6bc522e0, 0x000001ec6bc51dd0, 0x000001ec6bc4f550, 0x000001ec6bc50480,
0x000001ec6bc527f0, 0x000001ec6bc518c0, 0x000001ec6bc50ea0, 0x000001ec6bc52d00,
0x000001ec6bc513b0, 0x000001ec6bc53210, 0x000001ec6bc4fa60, 0x000001ec6bf648c0,
0x000001ec6bf643b0, 0x000001ec6bf67650, 0x000001ec6bf64dd0, 0x000001ec6bf66c30,
0x000001ec6bf66210, 0x000001ec6bf652e0, 0x000001ec6bf66720, 0x000001ec6b4c3a80,
0x000001ec6b4c58e0, 0x000001ec6b4c49b0, 0x000001ec6b4c3060, 0x000001ec6b4c6300,
0x000001ec6b4c3570, 0x000001ec6b4c53d0, 0x000001ec6b4c4ec0, 0x000001ec6b4c6810,
0x000001ec6b4c3f90, 0x000001ec6b4c5df0, 0x000001ec692a5760, 0x000001ec692a6690,
0x000001ec692a4320, 0x000001ec692a5250, 0x000001ec692a4830, 0x000001ec692a6ba0,
0x000001ec692a4d40, 0x000001ec692a5c70, 0x000001ec692a33f0, 0x000001ec692a6180,
0x000001ec692a3900, 0x000001ec692a3e10, 0x000001ec6bcc8f70, 0x000001ec6bcc7110,
0x000001ec6bcc6c00, 0x000001ec6bcc8550, 0x000001ec6bcc61e0, 0x000001ec6bcc8a60,
0x000001ec6bcc9480, 0x000001ec6bcc7620, 0x000001ec6bcc8040, 0x000001ec6bcc5cd0,
0x000001ec6bcc66f0, 0x000001ec6bcc7b30, 0x000001ec6c344e70, 0x000001ec6c3476f0,
0x000001ec6c343f40, 0x000001ec6c347c00, 0x000001ec6c344960, 0x000001ec6c345890,
0x000001ec6c344450, 0x000001ec6c345da0, 0x000001ec6c3462b0, 0x000001ec6c3467c0,
0x000001ec6c348110, 0x000001ec6c346cd0, 0x000001ec6c348620, 0x000001ec6c348b30,
0x000001ec6c3471e0, 0x000001ec6c345380, 0x000001ec6c349040, 0x000001ec6c349a60,
0x000001ec6c34a480, 0x000001ec6c349550, 0x000001ec6c34b8c0, 0x000001ec6c349f70,
0x000001ec6c34a990, 0x000001ec6c34aea0, 0x000001ec6a9eb310, 0x000001ec6a9e94b0,
0x000001ec6a9e8580, 0x000001ec6a9ea8f0, 0x000001ec6a9ebd30, 0x000001ec6a9eae00,
0x000001ec6a9eb820, 0x000001ec6a9e9ed0, 0x000001ec6a9e8a90, 0x000001ec6a9e99c0,
0x000001ec6a9ec750, 0x000001ec6a9e8fa0, 0x000001ec6a9ecc60, 0x000001ec6a9ec240,
0x000001ec6a9ed170, 0x000001ec6a9edb90, 0x000001ec6a9ed680, 0x000001ec6a9ea3e0,
0x000001ec6a9ee0a0, 0x000001ec6a9ee5b0, 0x000001ec6a9eeac0, 0x000001ec6a9eefd0,
0x000001ec6a9ef4e0, 0x000001ec6a9ef9f0, 0x000001ec69a7cb50, 0x000001ec69a7b710,
0x000001ec69a7b200, 0x000001ec69a7c130, 0x000001ec69a7a7e0, 0x000001ec69a7bc20,
0x000001ec69a7d060, 0x000001ec69a7c640, 0x000001ec69a798b0, 0x000001ec69a7d570,
0x000001ec69a79dc0, 0x000001ec69a7da80, 0x000001ec69a7a2d0, 0x000001ec69a7df90,
0x000001ec69a7e4a0, 0x000001ec6c764ab0, 0x000001ec6c7645a0, 0x000001ec6c764090,
0x000001ec69a80810, 0x000001ec6ab05b80, 0x000001ec6ab074d0, 0x000001ec694f91d0,
0x000001ec6d0b1b90, 0x000001ec694f87b0, 0x000001ec6db57d20, 0x000001ec6f30fa90,
0x000001ec69a7f3d0, 0x000001ec69a7fdf0, 0x000001ec69a80300, 0x000001ec6f3104b0,
0x000001ec6a5de060, 0x000001ec6f30ffa0, 0x000001ec6e6adcc0, 0x000001ec6dbfea80,
0x000001ec6da21310, 0x000001ec6e6ac370, 0x000001ec6e25f200, 0x000001ec6e25bf60
}

Java Threads: ( => current thread )
  0x000001ec2aaef750 JavaThread "main" [_thread_blocked, id=33456, stack(0x00000045c6600000,0x00000045c6700000)]
  0x000001ec4911f4b0 JavaThread "Reference Handler" daemon [_thread_blocked, id=14376, stack(0x00000045c6d00000,0x00000045c6e00000)]
  0x000001ec49120700 JavaThread "Finalizer" daemon [_thread_blocked, id=34208, stack(0x00000045c6e00000,0x00000045c6f00000)]
  0x000001ec491362c0 JavaThread "Signal Dispatcher" daemon [_thread_blocked, id=21688, stack(0x00000045c6f00000,0x00000045c7000000)]
  0x000001ec491377b0 JavaThread "Attach Listener" daemon [_thread_blocked, id=31284, stack(0x00000045c7000000,0x00000045c7100000)]
  0x000001ec4913a810 JavaThread "Service Thread" daemon [_thread_blocked, id=21168, stack(0x00000045c7100000,0x00000045c7200000)]
  0x000001ec4913b860 JavaThread "Monitor Deflation Thread" daemon [_thread_blocked, id=32892, stack(0x00000045c7200000,0x00000045c7300000)]
=>0x000001ec49148cb0 JavaThread "C2 CompilerThread0" daemon [_thread_in_native, id=35428, stack(0x00000045c7300000,0x00000045c7400000)]
  0x000001ec4914d6a0 JavaThread "C1 CompilerThread0" daemon [_thread_blocked, id=37416, stack(0x00000045c7400000,0x00000045c7500000)]
  0x000001ec49151be0 JavaThread "Sweeper thread" daemon [_thread_blocked, id=27948, stack(0x00000045c7500000,0x00000045c7600000)]
  0x000001ec49108a10 JavaThread "Common-Cleaner" daemon [_thread_blocked, id=28980, stack(0x00000045c7600000,0x00000045c7700000)]
  0x000001ec494a5a00 JavaThread "Notification Thread" daemon [_thread_blocked, id=40820, stack(0x00000045c7700000,0x00000045c7800000)]
  0x000001ec698c1450 JavaThread "Daemon health stats" [_thread_blocked, id=36672, stack(0x00000045c7e00000,0x00000045c7f00000)]
  0x000001ec691ddf40 JavaThread "Incoming local TCP Connector on port 65518" [_thread_in_native, id=5920, stack(0x00000045c7f00000,0x00000045c8000000)]
  0x000001ec694c2d00 JavaThread "Daemon periodic checks" [_thread_blocked, id=2052, stack(0x00000045c8000000,0x00000045c8100000)]
  0x000001ec6a308a10 JavaThread "Daemon" [_thread_blocked, id=30456, stack(0x00000045c8100000,0x00000045c8200000)]
  0x000001ec6a11db70 JavaThread "Handler for socket connection from /127.0.0.1:65518 to /127.0.0.1:65519" [_thread_in_native, id=39620, stack(0x00000045c8200000,0x00000045c8300000)]
  0x000001ec6a29c810 JavaThread "Cancel handler" [_thread_blocked, id=33260, stack(0x00000045c8300000,0x00000045c8400000)]
  0x000001ec6a29b3d0 JavaThread "Daemon worker" [_thread_blocked, id=16916, stack(0x00000045c8400000,0x00000045c8500000)]
  0x000001ec6a299a80 JavaThread "Asynchronous log dispatcher for DefaultDaemonConnection: socket connection from /127.0.0.1:65518 to /127.0.0.1:65519" [_thread_blocked, id=29452, stack(0x00000045c8500000,0x00000045c8600000)]
  0x000001ec6a29c300 JavaThread "Stdin handler" [_thread_blocked, id=37536, stack(0x00000045c8600000,0x00000045c8700000)]
  0x000001ec6a29bdf0 JavaThread "Daemon client event forwarder" [_thread_blocked, id=31784, stack(0x00000045c8700000,0x00000045c8800000)]
  0x000001ec6a29aec0 JavaThread "Cache worker for journal cache (C:\Users\user\.gradle\caches\journal-1)" [_thread_blocked, id=26556, stack(0x00000045c7900000,0x00000045c7a00000)]
  0x000001ec6a29b8e0 JavaThread "File lock request listener" [_thread_in_native, id=27964, stack(0x00000045c8d00000,0x00000045c8e00000)]
  0x000001ec6a299570 JavaThread "Cache worker for file hash cache (C:\Users\user\.gradle\caches\8.8\fileHashes)" [_thread_blocked, id=5152, stack(0x00000045c8e00000,0x00000045c8f00000)]
  0x000001ec6a299f90 JavaThread "Cache worker for file hash cache (C:\Users\user\Downloads\Forge intern\FIC Manager App\frontend\android\.gradle\8.8\fileHashes)" [_thread_blocked, id=3292, stack(0x00000045c9000000,0x00000045c9100000)]
  0x000001ec6a29a9b0 JavaThread "File lock release action executor" [_thread_blocked, id=5536, stack(0x00000045c8f00000,0x00000045c9000000)]
  0x000001ec6a29a4a0 JavaThread "File watcher server" daemon [_thread_in_native, id=35416, stack(0x00000045c9100000,0x00000045c9200000)]
  0x000001ec6a5df9b0 JavaThread "File watcher consumer" daemon [_thread_blocked, id=7616, stack(0x00000045c9200000,0x00000045c9300000)]
  0x000001ec6a5e1300 JavaThread "Cache worker for checksums cache (C:\Users\user\Downloads\Forge intern\FIC Manager App\frontend\android\.gradle\8.8\checksums)" [_thread_blocked, id=26128, stack(0x00000045c9500000,0x00000045c9600000)]
  0x000001ec6a5dfec0 JavaThread "Cache worker for file content cache (C:\Users\user\.gradle\caches\8.8\fileContent)" [_thread_blocked, id=19312, stack(0x00000045c9600000,0x00000045c9700000)]
  0x000001ec6a5dea80 JavaThread "Cache worker for cache directory md-rule (C:\Users\user\.gradle\caches\8.8\md-rule)" [_thread_blocked, id=18332, stack(0x00000045c9800000,0x00000045c9900000)]
  0x000001ec6a5def90 JavaThread "Cache worker for cache directory md-supplier (C:\Users\user\.gradle\caches\8.8\md-supplier)" [_thread_blocked, id=1508, stack(0x00000045c9700000,0x00000045c9800000)]
  0x000001ec6a5df4a0 JavaThread "jar transforms" [_thread_blocked, id=38252, stack(0x00000045c9900000,0x00000045c9a00000)]
  0x000001ec6a5e03d0 JavaThread "Unconstrained build operations" [_thread_blocked, id=40024, stack(0x00000045c9a00000,0x00000045c9b00000)]
  0x000001ec6a5e08e0 JavaThread "Unconstrained build operations Thread 2" [_thread_blocked, id=17640, stack(0x00000045c9b00000,0x00000045c9c00000)]
  0x000001ec6a5e1810 JavaThread "Unconstrained build operations Thread 3" [_thread_blocked, id=32592, stack(0x00000045c9c00000,0x00000045c9d00000)]
  0x000001ec6a5e1d20 JavaThread "Unconstrained build operations Thread 4" [_thread_blocked, id=16188, stack(0x00000045c9d00000,0x00000045c9e00000)]
  0x000001ec6a5de570 JavaThread "Unconstrained build operations Thread 5" [_thread_blocked, id=38660, stack(0x00000045c9e00000,0x00000045c9f00000)]
  0x000001ec6a5e54d0 JavaThread "Unconstrained build operations Thread 6" [_thread_blocked, id=40392, stack(0x00000045c9f00000,0x00000045ca000000)]
  0x000001ec6a5e59e0 JavaThread "Cache worker for Build Output Cleanup Cache (C:\Users\user\Downloads\Forge intern\FIC Manager App\frontend\node_modules\@react-native\gradle-plugin\.gradle\buildOutputCleanup)" [_thread_blocked, id=40296, stack(0x00000045ca000000,0x00000045ca100000)]
  0x000001ec6a5e2230 JavaThread "Unconstrained build operations Thread 7" [_thread_blocked, id=22828, stack(0x00000045ca100000,0x00000045ca200000)]
  0x000001ec6a5e3160 JavaThread "Unconstrained build operations Thread 8" [_thread_blocked, id=30044, stack(0x00000045ca200000,0x00000045ca300000)]
  0x000001ec6a5e3b80 JavaThread "Unconstrained build operations Thread 9" [_thread_blocked, id=29048, stack(0x00000045ca300000,0x00000045ca400000)]
  0x000001ec6a5e45a0 JavaThread "Unconstrained build operations Thread 10" [_thread_blocked, id=27828, stack(0x00000045ca400000,0x00000045ca500000)]
  0x000001ec6a5e3670 JavaThread "Unconstrained build operations Thread 11" [_thread_blocked, id=3568, stack(0x00000045ca500000,0x00000045ca600000)]
  0x000001ec6a5e2740 JavaThread "Unconstrained build operations Thread 12" [_thread_blocked, id=34780, stack(0x00000045ca600000,0x00000045ca700000)]
  0x000001ec6a5e4ab0 JavaThread "Unconstrained build operations Thread 13" [_thread_blocked, id=11084, stack(0x00000045ca700000,0x00000045ca800000)]
  0x000001ec6a5e4090 JavaThread "Unconstrained build operations Thread 14" [_thread_blocked, id=32560, stack(0x00000045ca800000,0x00000045ca900000)]
  0x000001ec6a5e4fc0 JavaThread "Unconstrained build operations Thread 15" [_thread_blocked, id=5220, stack(0x00000045ca900000,0x00000045caa00000)]
  0x000001ec6bc4bda0 JavaThread "Unconstrained build operations Thread 16" [_thread_blocked, id=31060, stack(0x00000045caa00000,0x00000045cab00000)]
  0x000001ec6bc4c2b0 JavaThread "Unconstrained build operations Thread 17" [_thread_blocked, id=30760, stack(0x00000045cab00000,0x00000045cac00000)]
  0x000001ec6bc4d6f0 JavaThread "Unconstrained build operations Thread 18" [_thread_blocked, id=29832, stack(0x00000045cac00000,0x00000045cad00000)]
  0x000001ec6bc4c7c0 JavaThread "Unconstrained build operations Thread 19" [_thread_blocked, id=5436, stack(0x00000045cad00000,0x00000045cae00000)]
  0x000001ec6bc4dc00 JavaThread "Unconstrained build operations Thread 20" [_thread_blocked, id=37080, stack(0x00000045cae00000,0x00000045caf00000)]
  0x000001ec6bc4e110 JavaThread "Unconstrained build operations Thread 21" [_thread_blocked, id=40208, stack(0x00000045caf00000,0x00000045cb000000)]
  0x000001ec6bc4e620 JavaThread "Unconstrained build operations Thread 22" [_thread_blocked, id=34320, stack(0x00000045cb000000,0x00000045cb100000)]
  0x000001ec6bc4eb30 JavaThread "Unconstrained build operations Thread 23" [_thread_blocked, id=38788, stack(0x00000045cb100000,0x00000045cb200000)]
  0x000001ec6bc4f040 JavaThread "Unconstrained build operations Thread 24" [_thread_blocked, id=19356, stack(0x00000045cb200000,0x00000045cb300000)]
  0x000001ec6bc4ccd0 JavaThread "Unconstrained build operations Thread 25" [_thread_blocked, id=35516, stack(0x00000045cb300000,0x00000045cb400000)]
  0x000001ec6bc4b890 JavaThread "Unconstrained build operations Thread 26" [_thread_blocked, id=37032, stack(0x00000045cb400000,0x00000045cb500000)]
  0x000001ec6bc50990 JavaThread "Unconstrained build operations Thread 27" [_thread_blocked, id=15220, stack(0x00000045cb500000,0x00000045cb600000)]
  0x000001ec6bc4ff70 JavaThread "Unconstrained build operations Thread 28" [_thread_blocked, id=35964, stack(0x00000045cb600000,0x00000045cb700000)]
  0x000001ec6bc4d1e0 JavaThread "Unconstrained build operations Thread 29" [_thread_blocked, id=38584, stack(0x00000045cb700000,0x00000045cb800000)]
  0x000001ec6bc522e0 JavaThread "Unconstrained build operations Thread 30" [_thread_blocked, id=38772, stack(0x00000045cb800000,0x00000045cb900000)]
  0x000001ec6bc51dd0 JavaThread "Unconstrained build operations Thread 31" [_thread_blocked, id=20092, stack(0x00000045cb900000,0x00000045cba00000)]
  0x000001ec6bc4f550 JavaThread "Unconstrained build operations Thread 32" [_thread_blocked, id=40828, stack(0x00000045cba00000,0x00000045cbb00000)]
  0x000001ec6bc50480 JavaThread "Unconstrained build operations Thread 33" [_thread_blocked, id=2708, stack(0x00000045cbb00000,0x00000045cbc00000)]
  0x000001ec6bc527f0 JavaThread "Unconstrained build operations Thread 34" [_thread_blocked, id=3432, stack(0x00000045cbc00000,0x00000045cbd00000)]
  0x000001ec6bc518c0 JavaThread "Unconstrained build operations Thread 35" [_thread_blocked, id=32160, stack(0x00000045cbd00000,0x00000045cbe00000)]
  0x000001ec6bc50ea0 JavaThread "Unconstrained build operations Thread 36" [_thread_blocked, id=10508, stack(0x00000045cbe00000,0x00000045cbf00000)]
  0x000001ec6bc52d00 JavaThread "Unconstrained build operations Thread 37" [_thread_blocked, id=11128, stack(0x00000045cbf00000,0x00000045cc000000)]
  0x000001ec6bc513b0 JavaThread "Unconstrained build operations Thread 38" [_thread_blocked, id=17372, stack(0x00000045cc000000,0x00000045cc100000)]
  0x000001ec6bc53210 JavaThread "Unconstrained build operations Thread 39" [_thread_blocked, id=32336, stack(0x00000045cc100000,0x00000045cc200000)]
  0x000001ec6bc4fa60 JavaThread "Memory manager" [_thread_blocked, id=27572, stack(0x00000045cc200000,0x00000045cc300000)]
  0x000001ec6bf648c0 JavaThread "build event listener" [_thread_blocked, id=3892, stack(0x00000045cc300000,0x00000045cc400000)]
  0x000001ec6bf643b0 JavaThread "ForkJoinPool.commonPool-worker-1" daemon [_thread_blocked, id=30060, stack(0x00000045cc600000,0x00000045cc700000)]
  0x000001ec6bf67650 JavaThread "ForkJoinPool.commonPool-worker-2" daemon [_thread_blocked, id=33972, stack(0x00000045cc700000,0x00000045cc800000)]
  0x000001ec6bf64dd0 JavaThread "ForkJoinPool.commonPool-worker-3" daemon [_thread_blocked, id=40740, stack(0x00000045cc800000,0x00000045cc900000)]
  0x000001ec6bf66c30 JavaThread "ForkJoinPool.commonPool-worker-4" daemon [_thread_blocked, id=36844, stack(0x00000045cc900000,0x00000045cca00000)]
  0x000001ec6bf66210 JavaThread "ForkJoinPool.commonPool-worker-5" daemon [_thread_blocked, id=12824, stack(0x00000045cca00000,0x00000045ccb00000)]
  0x000001ec6bf652e0 JavaThread "ForkJoinPool.commonPool-worker-6" daemon [_thread_blocked, id=40660, stack(0x00000045ccb00000,0x00000045ccc00000)]
  0x000001ec6bf66720 JavaThread "ForkJoinPool.commonPool-worker-7" daemon [_thread_blocked, id=8952, stack(0x00000045ccd00000,0x00000045cce00000)]
  0x000001ec6b4c3a80 JavaThread "ForkJoinPool.commonPool-worker-8" daemon [_thread_blocked, id=31312, stack(0x00000045cd000000,0x00000045cd100000)]
  0x000001ec6b4c58e0 JavaThread "included builds" [_thread_blocked, id=24940, stack(0x00000045cd100000,0x00000045cd200000)]
  0x000001ec6b4c49b0 JavaThread "Execution worker" [_thread_blocked, id=20016, stack(0x00000045cd200000,0x00000045cd300000)]
  0x000001ec6b4c3060 JavaThread "Execution worker Thread 2" [_thread_blocked, id=13720, stack(0x00000045cd300000,0x00000045cd400000)]
  0x000001ec6b4c6300 JavaThread "Execution worker Thread 3" [_thread_blocked, id=37596, stack(0x00000045cd400000,0x00000045cd500000)]
  0x000001ec6b4c3570 JavaThread "Execution worker Thread 4" [_thread_blocked, id=19780, stack(0x00000045cd500000,0x00000045cd600000)]
  0x000001ec6b4c53d0 JavaThread "Execution worker Thread 5" [_thread_blocked, id=29364, stack(0x00000045cd600000,0x00000045cd700000)]
  0x000001ec6b4c4ec0 JavaThread "Execution worker Thread 6" [_thread_blocked, id=34492, stack(0x00000045cd700000,0x00000045cd800000)]
  0x000001ec6b4c6810 JavaThread "Execution worker Thread 7" [_thread_blocked, id=27128, stack(0x00000045cd800000,0x00000045cd900000)]
  0x000001ec6b4c3f90 JavaThread "Execution worker Thread 8" [_thread_blocked, id=39080, stack(0x00000045cd900000,0x00000045cda00000)]
  0x000001ec6b4c5df0 JavaThread "Execution worker Thread 9" [_thread_blocked, id=33592, stack(0x00000045cda00000,0x00000045cdb00000)]
  0x000001ec692a5760 JavaThread "Execution worker Thread 10" [_thread_blocked, id=12476, stack(0x00000045cdb00000,0x00000045cdc00000)]
  0x000001ec692a6690 JavaThread "Execution worker Thread 11" [_thread_blocked, id=9372, stack(0x00000045cdc00000,0x00000045cdd00000)]
  0x000001ec692a4320 JavaThread "Cache worker for execution history cache (C:\Users\user\Downloads\Forge intern\FIC Manager App\frontend\node_modules\@react-native\gradle-plugin\.gradle\8.8\executionHistory)" [_thread_blocked, id=23004, stack(0x00000045cdd00000,0x00000045cde00000)]
  0x000001ec692a5250 JavaThread "Unconstrained build operations Thread 40" [_thread_blocked, id=36576, stack(0x00000045cdf00000,0x00000045ce000000)]
  0x000001ec692a4830 JavaThread "Unconstrained build operations Thread 41" [_thread_blocked, id=7556, stack(0x00000045ce000000,0x00000045ce100000)]
  0x000001ec692a6ba0 JavaThread "Unconstrained build operations Thread 42" [_thread_blocked, id=29556, stack(0x00000045ce100000,0x00000045ce200000)]
  0x000001ec692a4d40 JavaThread "Unconstrained build operations Thread 43" [_thread_blocked, id=40656, stack(0x00000045ce200000,0x00000045ce300000)]
  0x000001ec692a5c70 JavaThread "Unconstrained build operations Thread 44" [_thread_blocked, id=40824, stack(0x00000045ce300000,0x00000045ce400000)]
  0x000001ec692a33f0 JavaThread "Unconstrained build operations Thread 45" [_thread_blocked, id=36504, stack(0x00000045ce400000,0x00000045ce500000)]
  0x000001ec692a6180 JavaThread "Unconstrained build operations Thread 46" [_thread_blocked, id=21916, stack(0x00000045ce500000,0x00000045ce600000)]
  0x000001ec692a3900 JavaThread "Unconstrained build operations Thread 47" [_thread_blocked, id=40268, stack(0x00000045ce600000,0x00000045ce700000)]
  0x000001ec692a3e10 JavaThread "Unconstrained build operations Thread 48" [_thread_blocked, id=15444, stack(0x00000045ce700000,0x00000045ce800000)]
  0x000001ec6bcc8f70 JavaThread "Unconstrained build operations Thread 49" [_thread_blocked, id=37716, stack(0x00000045ce800000,0x00000045ce900000)]
  0x000001ec6bcc7110 JavaThread "Unconstrained build operations Thread 50" [_thread_blocked, id=34252, stack(0x00000045ce900000,0x00000045cea00000)]
  0x000001ec6bcc6c00 JavaThread "Unconstrained build operations Thread 51" [_thread_blocked, id=32376, stack(0x00000045cea00000,0x00000045ceb00000)]
  0x000001ec6bcc8550 JavaThread "Unconstrained build operations Thread 52" [_thread_blocked, id=4648, stack(0x00000045ceb00000,0x00000045cec00000)]
  0x000001ec6bcc61e0 JavaThread "Unconstrained build operations Thread 53" [_thread_blocked, id=5032, stack(0x00000045cec00000,0x00000045ced00000)]
  0x000001ec6bcc8a60 JavaThread "Unconstrained build operations Thread 54" [_thread_blocked, id=35316, stack(0x00000045ced00000,0x00000045cee00000)]
  0x000001ec6bcc9480 JavaThread "Unconstrained build operations Thread 55" [_thread_blocked, id=35996, stack(0x00000045cee00000,0x00000045cef00000)]
  0x000001ec6bcc7620 JavaThread "Unconstrained build operations Thread 56" [_thread_blocked, id=13732, stack(0x00000045cef00000,0x00000045cf000000)]
  0x000001ec6bcc8040 JavaThread "Unconstrained build operations Thread 57" [_thread_blocked, id=39480, stack(0x00000045cf000000,0x00000045cf100000)]
  0x000001ec6bcc5cd0 JavaThread "Unconstrained build operations Thread 58" [_thread_blocked, id=40796, stack(0x00000045cf100000,0x00000045cf200000)]
  0x000001ec6bcc66f0 JavaThread "Unconstrained build operations Thread 59" [_thread_blocked, id=32340, stack(0x00000045cf200000,0x00000045cf300000)]
  0x000001ec6bcc7b30 JavaThread "Unconstrained build operations Thread 60" [_thread_blocked, id=40044, stack(0x00000045cf300000,0x00000045cf400000)]
  0x000001ec6c344e70 JavaThread "Unconstrained build operations Thread 61" [_thread_blocked, id=30412, stack(0x00000045cf400000,0x00000045cf500000)]
  0x000001ec6c3476f0 JavaThread "Unconstrained build operations Thread 62" [_thread_blocked, id=33480, stack(0x00000045cf500000,0x00000045cf600000)]
  0x000001ec6c343f40 JavaThread "Unconstrained build operations Thread 63" [_thread_blocked, id=35604, stack(0x00000045cf600000,0x00000045cf700000)]
  0x000001ec6c347c00 JavaThread "Unconstrained build operations Thread 64" [_thread_blocked, id=37928, stack(0x00000045cf700000,0x00000045cf800000)]
  0x000001ec6c344960 JavaThread "Unconstrained build operations Thread 65" [_thread_blocked, id=26140, stack(0x00000045cf800000,0x00000045cf900000)]
  0x000001ec6c345890 JavaThread "Unconstrained build operations Thread 66" [_thread_blocked, id=32260, stack(0x00000045cf900000,0x00000045cfa00000)]
  0x000001ec6c344450 JavaThread "Unconstrained build operations Thread 67" [_thread_blocked, id=11636, stack(0x00000045cfa00000,0x00000045cfb00000)]
  0x000001ec6c345da0 JavaThread "Unconstrained build operations Thread 68" [_thread_blocked, id=35760, stack(0x00000045cfb00000,0x00000045cfc00000)]
  0x000001ec6c3462b0 JavaThread "Unconstrained build operations Thread 69" [_thread_blocked, id=22380, stack(0x00000045cfc00000,0x00000045cfd00000)]
  0x000001ec6c3467c0 JavaThread "Unconstrained build operations Thread 70" [_thread_blocked, id=9312, stack(0x00000045cfd00000,0x00000045cfe00000)]
  0x000001ec6c348110 JavaThread "Unconstrained build operations Thread 71" [_thread_blocked, id=3224, stack(0x00000045cfe00000,0x00000045cff00000)]
  0x000001ec6c346cd0 JavaThread "Unconstrained build operations Thread 72" [_thread_blocked, id=28324, stack(0x00000045cff00000,0x00000045d0000000)]
  0x000001ec6c348620 JavaThread "Unconstrained build operations Thread 73" [_thread_blocked, id=33596, stack(0x00000045d0000000,0x00000045d0100000)]
  0x000001ec6c348b30 JavaThread "Unconstrained build operations Thread 74" [_thread_blocked, id=22076, stack(0x00000045d0100000,0x00000045d0200000)]
  0x000001ec6c3471e0 JavaThread "Unconstrained build operations Thread 75" [_thread_blocked, id=28048, stack(0x00000045d0200000,0x00000045d0300000)]
  0x000001ec6c345380 JavaThread "Unconstrained build operations Thread 76" [_thread_blocked, id=36944, stack(0x00000045d0300000,0x00000045d0400000)]
  0x000001ec6c349040 JavaThread "Unconstrained build operations Thread 77" [_thread_blocked, id=20448, stack(0x00000045d0400000,0x00000045d0500000)]
  0x000001ec6c349a60 JavaThread "Unconstrained build operations Thread 78" [_thread_blocked, id=10916, stack(0x00000045d0500000,0x00000045d0600000)]
  0x000001ec6c34a480 JavaThread "Unconstrained build operations Thread 79" [_thread_blocked, id=32692, stack(0x00000045d0600000,0x00000045d0700000)]
  0x000001ec6c349550 JavaThread "Unconstrained build operations Thread 80" [_thread_blocked, id=37220, stack(0x00000045d0700000,0x00000045d0800000)]
  0x000001ec6c34b8c0 JavaThread "Unconstrained build operations Thread 81" [_thread_blocked, id=36676, stack(0x00000045d0800000,0x00000045d0900000)]
  0x000001ec6c349f70 JavaThread "Unconstrained build operations Thread 82" [_thread_blocked, id=3876, stack(0x00000045d0900000,0x00000045d0a00000)]
  0x000001ec6c34a990 JavaThread "Unconstrained build operations Thread 83" [_thread_blocked, id=6788, stack(0x00000045d0a00000,0x00000045d0b00000)]
  0x000001ec6c34aea0 JavaThread "Unconstrained build operations Thread 84" [_thread_blocked, id=15676, stack(0x00000045d0b00000,0x00000045d0c00000)]
  0x000001ec6a9eb310 JavaThread "Unconstrained build operations Thread 85" [_thread_blocked, id=17024, stack(0x00000045d0c00000,0x00000045d0d00000)]
  0x000001ec6a9e94b0 JavaThread "Unconstrained build operations Thread 86" [_thread_blocked, id=7328, stack(0x00000045d0d00000,0x00000045d0e00000)]
  0x000001ec6a9e8580 JavaThread "Unconstrained build operations Thread 87" [_thread_blocked, id=21952, stack(0x00000045d0e00000,0x00000045d0f00000)]
  0x000001ec6a9ea8f0 JavaThread "Unconstrained build operations Thread 88" [_thread_blocked, id=23160, stack(0x00000045d0f00000,0x00000045d1000000)]
  0x000001ec6a9ebd30 JavaThread "Unconstrained build operations Thread 89" [_thread_blocked, id=5468, stack(0x00000045d1000000,0x00000045d1100000)]
  0x000001ec6a9eae00 JavaThread "Unconstrained build operations Thread 90" [_thread_blocked, id=33352, stack(0x00000045d1100000,0x00000045d1200000)]
  0x000001ec6a9eb820 JavaThread "Unconstrained build operations Thread 91" [_thread_blocked, id=14000, stack(0x00000045d1200000,0x00000045d1300000)]
  0x000001ec6a9e9ed0 JavaThread "Unconstrained build operations Thread 92" [_thread_blocked, id=38164, stack(0x00000045d1300000,0x00000045d1400000)]
  0x000001ec6a9e8a90 JavaThread "Unconstrained build operations Thread 93" [_thread_blocked, id=33840, stack(0x00000045d1400000,0x00000045d1500000)]
  0x000001ec6a9e99c0 JavaThread "Unconstrained build operations Thread 94" [_thread_blocked, id=22808, stack(0x00000045d1500000,0x00000045d1600000)]
  0x000001ec6a9ec750 JavaThread "Unconstrained build operations Thread 95" [_thread_blocked, id=17496, stack(0x00000045d1600000,0x00000045d1700000)]
  0x000001ec6a9e8fa0 JavaThread "Unconstrained build operations Thread 96" [_thread_blocked, id=36852, stack(0x00000045cde00000,0x00000045cdf00000)]
  0x000001ec6a9ecc60 JavaThread "Unconstrained build operations Thread 97" [_thread_blocked, id=27276, stack(0x00000045d1700000,0x00000045d1800000)]
  0x000001ec6a9ec240 JavaThread "Unconstrained build operations Thread 98" [_thread_blocked, id=28752, stack(0x00000045d1800000,0x00000045d1900000)]
  0x000001ec6a9ed170 JavaThread "Unconstrained build operations Thread 99" [_thread_blocked, id=12948, stack(0x00000045d1900000,0x00000045d1a00000)]
  0x000001ec6a9edb90 JavaThread "Unconstrained build operations Thread 100" [_thread_blocked, id=6908, stack(0x00000045d1a00000,0x00000045d1b00000)]
  0x000001ec6a9ed680 JavaThread "Unconstrained build operations Thread 101" [_thread_blocked, id=33444, stack(0x00000045d1b00000,0x00000045d1c00000)]
  0x000001ec6a9ea3e0 JavaThread "Unconstrained build operations Thread 102" [_thread_blocked, id=23600, stack(0x00000045d1c00000,0x00000045d1d00000)]
  0x000001ec6a9ee0a0 JavaThread "Unconstrained build operations Thread 103" [_thread_blocked, id=34192, stack(0x00000045d1d00000,0x00000045d1e00000)]
  0x000001ec6a9ee5b0 JavaThread "Unconstrained build operations Thread 104" [_thread_blocked, id=39412, stack(0x00000045d1e00000,0x00000045d1f00000)]
  0x000001ec6a9eeac0 JavaThread "Unconstrained build operations Thread 105" [_thread_blocked, id=37428, stack(0x00000045d1f00000,0x00000045d2000000)]
  0x000001ec6a9eefd0 JavaThread "Unconstrained build operations Thread 106" [_thread_blocked, id=39780, stack(0x00000045d2000000,0x00000045d2100000)]
  0x000001ec6a9ef4e0 JavaThread "jar transforms Thread 2" [_thread_blocked, id=18688, stack(0x00000045d2100000,0x00000045d2200000)]
  0x000001ec6a9ef9f0 JavaThread "Cache worker for Build Output Cleanup Cache (C:\Users\user\Downloads\Forge intern\FIC Manager App\frontend\android\.gradle\buildOutputCleanup)" [_thread_blocked, id=26720, stack(0x00000045d2200000,0x00000045d2300000)]
  0x000001ec69a7cb50 JavaThread "jar transforms Thread 3" [_thread_blocked, id=38700, stack(0x00000045d2300000,0x00000045d2400000)]
  0x000001ec69a7b710 JavaThread "Unconstrained build operations Thread 107" [_thread_blocked, id=39804, stack(0x00000045d2400000,0x00000045d2500000)]
  0x000001ec69a7b200 JavaThread "Unconstrained build operations Thread 108" [_thread_blocked, id=29296, stack(0x00000045d2500000,0x00000045d2600000)]
  0x000001ec69a7c130 JavaThread "Unconstrained build operations Thread 109" [_thread_blocked, id=11260, stack(0x00000045d2600000,0x00000045d2700000)]
  0x000001ec69a7a7e0 JavaThread "Unconstrained build operations Thread 110" [_thread_blocked, id=39752, stack(0x00000045d2700000,0x00000045d2800000)]
  0x000001ec69a7bc20 JavaThread "Unconstrained build operations Thread 111" [_thread_blocked, id=36468, stack(0x00000045d2800000,0x00000045d2900000)]
  0x000001ec69a7d060 JavaThread "Unconstrained build operations Thread 112" [_thread_blocked, id=7712, stack(0x00000045d2900000,0x00000045d2a00000)]
  0x000001ec69a7c640 JavaThread "Unconstrained build operations Thread 113" [_thread_blocked, id=22208, stack(0x00000045d2a00000,0x00000045d2b00000)]
  0x000001ec69a798b0 JavaThread "Unconstrained build operations Thread 114" [_thread_blocked, id=33712, stack(0x00000045d2b00000,0x00000045d2c00000)]
  0x000001ec69a7d570 JavaThread "Unconstrained build operations Thread 115" [_thread_blocked, id=28944, stack(0x00000045d2c00000,0x00000045d2d00000)]
  0x000001ec69a79dc0 JavaThread "Unconstrained build operations Thread 116" [_thread_blocked, id=36088, stack(0x00000045d2d00000,0x00000045d2e00000)]
  0x000001ec69a7da80 JavaThread "Unconstrained build operations Thread 117" [_thread_blocked, id=7744, stack(0x00000045d2e00000,0x00000045d2f00000)]
  0x000001ec69a7a2d0 JavaThread "Unconstrained build operations Thread 118" [_thread_blocked, id=22364, stack(0x00000045d2f00000,0x00000045d3000000)]
  0x000001ec69a7df90 JavaThread "Unconstrained build operations Thread 119" [_thread_blocked, id=12992, stack(0x00000045d3000000,0x00000045d3100000)]
  0x000001ec69a7e4a0 JavaThread "Unconstrained build operations Thread 120" [_thread_blocked, id=30396, stack(0x00000045d3100000,0x00000045d3200000)]
  0x000001ec6c764ab0 JavaThread "jar transforms Thread 4" [_thread_blocked, id=35136, stack(0x00000045d3200000,0x00000045d3300000)]
  0x000001ec6c7645a0 JavaThread "jar transforms Thread 5" [_thread_blocked, id=6020, stack(0x00000045d3300000,0x00000045d3400000)]
  0x000001ec6c764090 JavaThread "jar transforms Thread 6" [_thread_blocked, id=37288, stack(0x00000045d3400000,0x00000045d3500000)]
  0x000001ec69a80810 JavaThread "build event listener" [_thread_blocked, id=34960, stack(0x00000045c6300000,0x00000045c6400000)]
  0x000001ec6ab05b80 JavaThread "jar transforms Thread 7" [_thread_blocked, id=18012, stack(0x00000045c6400000,0x00000045c6500000)]
  0x000001ec6ab074d0 JavaThread "jar transforms Thread 8" [_thread_blocked, id=25808, stack(0x00000045c6500000,0x00000045c6600000)]
  0x000001ec694f91d0 JavaThread "jar transforms Thread 9" [_thread_blocked, id=23116, stack(0x00000045d3500000,0x00000045d3600000)]
  0x000001ec6d0b1b90 JavaThread "jar transforms Thread 10" [_thread_blocked, id=36472, stack(0x00000045d3600000,0x00000045d3700000)]
  0x000001ec694f87b0 JavaThread "jar transforms Thread 11" [_thread_blocked, id=7040, stack(0x00000045d3700000,0x00000045d3800000)]
  0x000001ec6db57d20 JavaThread "jar transforms Thread 12" [_thread_blocked, id=30928, stack(0x00000045d3b00000,0x00000045d3c00000)]
  0x000001ec6f30fa90 JavaThread "ForkJoinPool.commonPool-worker-10" daemon [_thread_blocked, id=20268, stack(0x00000045d3a00000,0x00000045d3b00000)]
  0x000001ec69a7f3d0 JavaThread "ForkJoinPool.commonPool-worker-9" daemon [_thread_blocked, id=24312, stack(0x00000045d3c00000,0x00000045d3d00000)]
  0x000001ec69a7fdf0 JavaThread "pool-3-thread-1" [_thread_blocked, id=9172, stack(0x00000045d3d00000,0x00000045d3e00000)]
  0x000001ec69a80300 JavaThread "build event listener" [_thread_blocked, id=3428, stack(0x00000045d3e00000,0x00000045d3f00000)]
  0x000001ec6f3104b0 JavaThread "Cache worker for execution history cache (C:\Users\user\Downloads\Forge intern\FIC Manager App\frontend\android\.gradle\8.8\executionHistory)" [_thread_blocked, id=2848, stack(0x00000045d3f00000,0x00000045d4000000)]
  0x000001ec6a5de060 JavaThread "WorkerExecutor Queue" [_thread_blocked, id=34428, stack(0x00000045d4000000,0x00000045d4100000)]
  0x000001ec6f30ffa0 JavaThread "WorkerExecutor Queue Thread 2" [_thread_blocked, id=4216, stack(0x00000045ccc00000,0x00000045ccd00000)]
  0x000001ec6e6adcc0 JavaThread "WorkerExecutor Queue Thread 3" [_thread_blocked, id=17668, stack(0x00000045cce00000,0x00000045ccf00000)]
  0x000001ec6dbfea80 JavaThread "WorkerExecutor Queue Thread 4" [_thread_blocked, id=31812, stack(0x00000045ccf00000,0x00000045cd000000)]
  0x000001ec6da21310 JavaThread "WorkerExecutor Queue Thread 5" [_thread_blocked, id=6952, stack(0x00000045d4100000,0x00000045d4200000)]
  0x000001ec6e6ac370 JavaThread "Exec process Thread 4" [_thread_in_native, id=2056, stack(0x00000045d4200000,0x00000045d4300000)]
  0x000001ec6e25f200 JavaThread "Exec process Thread 5" [_thread_in_native, id=23008, stack(0x00000045d4300000,0x00000045d4400000)]
  0x000001ec6e25bf60 JavaThread "Exec process Thread 6" [_thread_in_native, id=9724, stack(0x00000045d4400000,0x00000045d4500000)]

Other Threads:
  0x000001ec491192e0 VMThread "VM Thread" [stack: 0x00000045c6c00000,0x00000045c6d00000] [id=1564]
  0x000001ec2ab62650 WatcherThread [stack: 0x00000045c7800000,0x00000045c7900000] [id=33000]
  0x000001ec2897e820 GCTaskThread "GC Thread#0" [stack: 0x00000045c6700000,0x00000045c6800000] [id=32356]
  0x000001ec697817f0 GCTaskThread "GC Thread#1" [stack: 0x00000045c7b00000,0x00000045c7c00000] [id=3964]
  0x000001ec497a7400 GCTaskThread "GC Thread#2" [stack: 0x00000045c7c00000,0x00000045c7d00000] [id=14968]
  0x000001ec694a33d0 GCTaskThread "GC Thread#3" [stack: 0x00000045c7d00000,0x00000045c7e00000] [id=30024]
  0x000001ec691ff030 GCTaskThread "GC Thread#4" [stack: 0x00000045c7a00000,0x00000045c7b00000] [id=22720]
  0x000001ec6a585da0 GCTaskThread "GC Thread#5" [stack: 0x00000045c8800000,0x00000045c8900000] [id=12744]
  0x000001ec6a586060 GCTaskThread "GC Thread#6" [stack: 0x00000045c8900000,0x00000045c8a00000] [id=35164]
  0x000001ec6a586320 GCTaskThread "GC Thread#7" [stack: 0x00000045c8a00000,0x00000045c8b00000] [id=35148]
  0x000001ec69fcdf00 GCTaskThread "GC Thread#8" [stack: 0x00000045c8b00000,0x00000045c8c00000] [id=33612]
  0x000001ec69fce1c0 GCTaskThread "GC Thread#9" [stack: 0x00000045c8c00000,0x00000045c8d00000] [id=19672]
  0x000001ec2ab55cf0 ConcurrentGCThread "G1 Main Marker" [stack: 0x00000045c6800000,0x00000045c6900000] [id=39500]
  0x000001ec2ab572e0 ConcurrentGCThread "G1 Conc#0" [stack: 0x00000045c6900000,0x00000045c6a00000] [id=14192]
  0x000001ec6a475440 ConcurrentGCThread "G1 Conc#1" [stack: 0x00000045c9300000,0x00000045c9400000] [id=36948]
  0x000001ec6b8f1050 ConcurrentGCThread "G1 Conc#2" [stack: 0x00000045c9400000,0x00000045c9500000] [id=14544]
  0x000001ec48fc20c0 ConcurrentGCThread "G1 Refine#0" [stack: 0x00000045c6a00000,0x00000045c6b00000] [id=15404]
  0x000001ec6b4ed250 ConcurrentGCThread "G1 Refine#1" [stack: 0x00000045d3800000,0x00000045d3900000] [id=29196]
  0x000001ec6b4ede10 ConcurrentGCThread "G1 Refine#2" [stack: 0x00000045d3900000,0x00000045d3a00000] [id=32792]
  0x000001ec48fc3a20 ConcurrentGCThread "G1 Service" [stack: 0x00000045c6b00000,0x00000045c6c00000] [id=28316]

Threads with active compile tasks:
C2 CompilerThread0    98471 18025       4       org.gradle.internal.snapshot.impl.DirectorySnapshotter$PathVisitor::snapshotFile (213 bytes)

VM state: not at safepoint (normal execution)

VM Mutex/Monitor currently owned by a thread: None

Heap address: 0x0000000080000000, size: 2048 MB, Compressed Oops mode: 32-bit

CDS archive(s) mapped at: [0x000001ec4a000000-0x000001ec4abd0000-0x000001ec4abd0000), size 12386304, SharedBaseAddress: 0x000001ec4a000000, ArchiveRelocationMode: 1.
Compressed class space mapped at: 0x000001ec4b000000-0x000001ec65000000, reserved size: 436207616
Narrow klass base: 0x000001ec4a000000, Narrow klass shift: 0, Narrow klass range: 0x100000000

GC Precious Log:
 CPUs: 12 total, 12 available
 Memory: 7913M
 Large Page Support: Disabled
 NUMA Support: Disabled
 Compressed Oops: Enabled (32-bit)
 Heap Region Size: 1M
 Heap Min Capacity: 8M
 Heap Initial Capacity: 124M
 Heap Max Capacity: 2G
 Pre-touch: Disabled
 Parallel Workers: 10
 Concurrent Workers: 3
 Concurrent Refinement Workers: 10
 Periodic GC: Disabled

Heap:
 garbage-first heap   total 883712K, used 499713K [0x0000000080000000, 0x0000000100000000)
  region size 1024K, 284 young (290816K), 4 survivors (4096K)
 Metaspace       used 118281K, committed 119680K, reserved 557056K
  class space    used 16282K, committed 16960K, reserved 425984K

Heap Regions: E=young(eden), S=young(survivor), O=old, HS=humongous(starts), HC=humongous(continues), CS=collection set, F=free, OA=open archive, CA=closed archive, TAMS=top-at-mark-start (previous, next)
|   0|0x0000000080000000, 0x0000000080100000, 0x0000000080100000|100%|HS|  |TAMS 0x0000000080100000, 0x0000000080000000| Complete 
|   1|0x0000000080100000, 0x0000000080200000, 0x0000000080200000|100%|HC|  |TAMS 0x0000000080200000, 0x0000000080100000| Complete 
|   2|0x0000000080200000, 0x0000000080300000, 0x0000000080300000|100%|HC|  |TAMS 0x0000000080300000, 0x0000000080200000| Complete 
|   3|0x0000000080300000, 0x0000000080400000, 0x0000000080400000|100%|HC|  |TAMS 0x0000000080400000, 0x0000000080300000| Complete 
|   4|0x0000000080400000, 0x0000000080500000, 0x0000000080500000|100%| O|  |TAMS 0x0000000080500000, 0x0000000080400000| Untracked 
|   5|0x0000000080500000, 0x0000000080600000, 0x0000000080600000|100%| O|  |TAMS 0x0000000080600000, 0x0000000080500000| Untracked 
|   6|0x0000000080600000, 0x0000000080700000, 0x0000000080700000|100%| O|  |TAMS 0x0000000080700000, 0x0000000080600000| Untracked 
|   7|0x0000000080700000, 0x0000000080800000, 0x0000000080800000|100%| O|  |TAMS 0x0000000080800000, 0x0000000080700000| Untracked 
|   8|0x0000000080800000, 0x0000000080900000, 0x0000000080900000|100%| O|  |TAMS 0x0000000080900000, 0x0000000080800000| Untracked 
|   9|0x0000000080900000, 0x0000000080a00000, 0x0000000080a00000|100%| O|  |TAMS 0x0000000080a00000, 0x0000000080900000| Untracked 
|  10|0x0000000080a00000, 0x0000000080b00000, 0x0000000080b00000|100%| O|  |TAMS 0x0000000080b00000, 0x0000000080a00000| Untracked 
|  11|0x0000000080b00000, 0x0000000080c00000, 0x0000000080c00000|100%|HS|  |TAMS 0x0000000080c00000, 0x0000000080b00000| Complete 
|  12|0x0000000080c00000, 0x0000000080d00000, 0x0000000080d00000|100%| O|  |TAMS 0x0000000080d00000, 0x0000000080c00000| Untracked 
|  13|0x0000000080d00000, 0x0000000080e00000, 0x0000000080e00000|100%| O|  |TAMS 0x0000000080e00000, 0x0000000080d00000| Untracked 
|  14|0x0000000080e00000, 0x0000000080f00000, 0x0000000080f00000|100%| O|  |TAMS 0x0000000080f00000, 0x0000000080e00000| Untracked 
|  15|0x0000000080f00000, 0x0000000081000000, 0x0000000081000000|100%| O|  |TAMS 0x0000000081000000, 0x0000000080f00000| Untracked 
|  16|0x0000000081000000, 0x0000000081100000, 0x0000000081100000|100%| O|  |TAMS 0x0000000081100000, 0x0000000081000000| Untracked 
|  17|0x0000000081100000, 0x0000000081200000, 0x0000000081200000|100%| O|  |TAMS 0x0000000081200000, 0x0000000081100000| Untracked 
|  18|0x0000000081200000, 0x0000000081300000, 0x0000000081300000|100%| O|  |TAMS 0x0000000081300000, 0x0000000081200000| Untracked 
|  19|0x0000000081300000, 0x0000000081400000, 0x0000000081400000|100%| O|  |TAMS 0x0000000081400000, 0x0000000081300000| Untracked 
|  20|0x0000000081400000, 0x0000000081500000, 0x0000000081500000|100%| O|  |TAMS 0x0000000081500000, 0x0000000081400000| Untracked 
|  21|0x0000000081500000, 0x0000000081600000, 0x0000000081600000|100%| O|  |TAMS 0x0000000081600000, 0x0000000081500000| Untracked 
|  22|0x0000000081600000, 0x0000000081700000, 0x0000000081700000|100%| O|  |TAMS 0x0000000081700000, 0x0000000081600000| Untracked 
|  23|0x0000000081700000, 0x0000000081800000, 0x0000000081800000|100%| O|  |TAMS 0x0000000081800000, 0x0000000081700000| Untracked 
|  24|0x0000000081800000, 0x0000000081900000, 0x0000000081900000|100%| O|  |TAMS 0x0000000081900000, 0x0000000081800000| Untracked 
|  25|0x0000000081900000, 0x0000000081a00000, 0x0000000081a00000|100%| O|  |TAMS 0x0000000081a00000, 0x0000000081900000| Untracked 
|  26|0x0000000081a00000, 0x0000000081b00000, 0x0000000081b00000|100%| O|  |TAMS 0x0000000081b00000, 0x0000000081a00000| Untracked 
|  27|0x0000000081b00000, 0x0000000081c00000, 0x0000000081c00000|100%| O|  |TAMS 0x0000000081c00000, 0x0000000081b00000| Untracked 
|  28|0x0000000081c00000, 0x0000000081d00000, 0x0000000081d00000|100%| O|  |TAMS 0x0000000081d00000, 0x0000000081c00000| Untracked 
|  29|0x0000000081d00000, 0x0000000081e00000, 0x0000000081e00000|100%| O|  |TAMS 0x0000000081e00000, 0x0000000081d00000| Untracked 
|  30|0x0000000081e00000, 0x0000000081f00000, 0x0000000081f00000|100%| O|  |TAMS 0x0000000081f00000, 0x0000000081e00000| Untracked 
|  31|0x0000000081f00000, 0x0000000082000000, 0x0000000082000000|100%| O|  |TAMS 0x0000000082000000, 0x0000000081f00000| Untracked 
|  32|0x0000000082000000, 0x0000000082100000, 0x0000000082100000|100%| O|  |TAMS 0x0000000082100000, 0x0000000082000000| Untracked 
|  33|0x0000000082100000, 0x0000000082200000, 0x0000000082200000|100%| O|  |TAMS 0x0000000082200000, 0x0000000082100000| Untracked 
|  34|0x0000000082200000, 0x0000000082300000, 0x0000000082300000|100%|HS|  |TAMS 0x0000000082300000, 0x0000000082200000| Complete 
|  35|0x0000000082300000, 0x0000000082400000, 0x0000000082400000|100%| O|  |TAMS 0x0000000082400000, 0x0000000082300000| Untracked 
|  36|0x0000000082400000, 0x0000000082500000, 0x0000000082500000|100%| O|  |TAMS 0x0000000082500000, 0x0000000082400000| Untracked 
|  37|0x0000000082500000, 0x0000000082600000, 0x0000000082600000|100%| O|  |TAMS 0x0000000082600000, 0x0000000082500000| Untracked 
|  38|0x0000000082600000, 0x0000000082700000, 0x0000000082700000|100%| O|  |TAMS 0x0000000082700000, 0x0000000082600000| Untracked 
|  39|0x0000000082700000, 0x0000000082800000, 0x0000000082800000|100%| O|  |TAMS 0x0000000082800000, 0x0000000082700000| Untracked 
|  40|0x0000000082800000, 0x0000000082900000, 0x0000000082900000|100%| O|  |TAMS 0x0000000082900000, 0x0000000082800000| Untracked 
|  41|0x0000000082900000, 0x0000000082a00000, 0x0000000082a00000|100%|HS|  |TAMS 0x0000000082a00000, 0x0000000082900000| Complete 
|  42|0x0000000082a00000, 0x0000000082b00000, 0x0000000082b00000|100%| O|  |TAMS 0x0000000082b00000, 0x0000000082a00000| Untracked 
|  43|0x0000000082b00000, 0x0000000082c00000, 0x0000000082c00000|100%|HS|  |TAMS 0x0000000082c00000, 0x0000000082b00000| Complete 
|  44|0x0000000082c00000, 0x0000000082d00000, 0x0000000082d00000|100%|HC|  |TAMS 0x0000000082d00000, 0x0000000082c00000| Complete 
|  45|0x0000000082d00000, 0x0000000082e00000, 0x0000000082e00000|100%| O|  |TAMS 0x0000000082e00000, 0x0000000082d00000| Untracked 
|  46|0x0000000082e00000, 0x0000000082f00000, 0x0000000082f00000|100%| O|  |TAMS 0x0000000082f00000, 0x0000000082e00000| Untracked 
|  47|0x0000000082f00000, 0x0000000083000000, 0x0000000083000000|100%|HS|  |TAMS 0x0000000083000000, 0x0000000082f00000| Complete 
|  48|0x0000000083000000, 0x0000000083100000, 0x0000000083100000|100%|HC|  |TAMS 0x0000000083100000, 0x0000000083000000| Complete 
|  49|0x0000000083100000, 0x0000000083200000, 0x0000000083200000|100%|HS|  |TAMS 0x0000000083200000, 0x0000000083100000| Complete 
|  50|0x0000000083200000, 0x0000000083300000, 0x0000000083300000|100%|HC|  |TAMS 0x0000000083300000, 0x0000000083200000| Complete 
|  51|0x0000000083300000, 0x0000000083400000, 0x0000000083400000|100%|HC|  |TAMS 0x0000000083400000, 0x0000000083300000| Complete 
|  52|0x0000000083400000, 0x0000000083500000, 0x0000000083500000|100%|HC|  |TAMS 0x0000000083500000, 0x0000000083400000| Complete 
|  53|0x0000000083500000, 0x0000000083600000, 0x0000000083600000|100%|HS|  |TAMS 0x0000000083600000, 0x0000000083500000| Complete 
|  54|0x0000000083600000, 0x0000000083700000, 0x0000000083700000|100%|HC|  |TAMS 0x0000000083700000, 0x0000000083600000| Complete 
|  55|0x0000000083700000, 0x0000000083800000, 0x0000000083800000|100%|HC|  |TAMS 0x0000000083800000, 0x0000000083700000| Complete 
|  56|0x0000000083800000, 0x0000000083900000, 0x0000000083900000|100%|HC|  |TAMS 0x0000000083900000, 0x0000000083800000| Complete 
|  57|0x0000000083900000, 0x0000000083a00000, 0x0000000083a00000|100%| O|  |TAMS 0x0000000083a00000, 0x0000000083900000| Untracked 
|  58|0x0000000083a00000, 0x0000000083b00000, 0x0000000083b00000|100%| O|  |TAMS 0x0000000083b00000, 0x0000000083a00000| Untracked 
|  59|0x0000000083b00000, 0x0000000083c00000, 0x0000000083c00000|100%| O|  |TAMS 0x0000000083c00000, 0x0000000083b00000| Untracked 
|  60|0x0000000083c00000, 0x0000000083d00000, 0x0000000083d00000|100%| O|  |TAMS 0x0000000083d00000, 0x0000000083c00000| Untracked 
|  61|0x0000000083d00000, 0x0000000083e00000, 0x0000000083e00000|100%|HS|  |TAMS 0x0000000083e00000, 0x0000000083d00000| Complete 
|  62|0x0000000083e00000, 0x0000000083f00000, 0x0000000083f00000|100%| O|  |TAMS 0x0000000083f00000, 0x0000000083e00000| Untracked 
|  63|0x0000000083f00000, 0x0000000084000000, 0x0000000084000000|100%|HS|  |TAMS 0x0000000083f00000, 0x0000000083f00000| Complete 
|  64|0x0000000084000000, 0x0000000084100000, 0x0000000084100000|100%| O|  |TAMS 0x0000000084100000, 0x0000000084000000| Untracked 
|  65|0x0000000084100000, 0x0000000084200000, 0x0000000084200000|100%|HS|  |TAMS 0x0000000084200000, 0x0000000084100000| Complete 
|  66|0x0000000084200000, 0x0000000084300000, 0x0000000084300000|100%| O|  |TAMS 0x0000000084300000, 0x0000000084200000| Untracked 
|  67|0x0000000084300000, 0x0000000084400000, 0x0000000084400000|100%| O|  |TAMS 0x0000000084400000, 0x0000000084300000| Untracked 
|  68|0x0000000084400000, 0x0000000084500000, 0x0000000084500000|100%|HS|  |TAMS 0x0000000084400000, 0x0000000084400000| Complete 
|  69|0x0000000084500000, 0x0000000084600000, 0x0000000084600000|100%| O|  |TAMS 0x0000000084600000, 0x0000000084500000| Untracked 
|  70|0x0000000084600000, 0x0000000084700000, 0x0000000084700000|100%| O|  |TAMS 0x0000000084700000, 0x0000000084600000| Untracked 
|  71|0x0000000084700000, 0x0000000084800000, 0x0000000084800000|100%|HS|  |TAMS 0x0000000084700000, 0x0000000084700000| Complete 
|  72|0x0000000084800000, 0x0000000084900000, 0x0000000084900000|100%|HS|  |TAMS 0x0000000084800000, 0x0000000084800000| Complete 
|  73|0x0000000084900000, 0x0000000084a00000, 0x0000000084a00000|100%| O|  |TAMS 0x0000000084a00000, 0x0000000084900000| Untracked 
|  74|0x0000000084a00000, 0x0000000084b00000, 0x0000000084b00000|100%|HS|  |TAMS 0x0000000084a00000, 0x0000000084a00000| Complete 
|  75|0x0000000084b00000, 0x0000000084c00000, 0x0000000084c00000|100%| O|  |TAMS 0x0000000084c00000, 0x0000000084b00000| Untracked 
|  76|0x0000000084c00000, 0x0000000084d00000, 0x0000000084d00000|100%| O|  |TAMS 0x0000000084d00000, 0x0000000084c00000| Untracked 
|  77|0x0000000084d00000, 0x0000000084e00000, 0x0000000084e00000|100%|HS|  |TAMS 0x0000000084e00000, 0x0000000084d00000| Complete 
|  78|0x0000000084e00000, 0x0000000084f00000, 0x0000000084f00000|100%| O|  |TAMS 0x0000000084f00000, 0x0000000084e00000| Untracked 
|  79|0x0000000084f00000, 0x0000000085000000, 0x0000000085000000|100%| O|  |TAMS 0x0000000085000000, 0x0000000084f00000| Untracked 
|  80|0x0000000085000000, 0x0000000085100000, 0x0000000085100000|100%| O|  |TAMS 0x0000000085100000, 0x0000000085000000| Untracked 
|  81|0x0000000085100000, 0x0000000085200000, 0x0000000085200000|100%| O|  |TAMS 0x0000000085200000, 0x0000000085100000| Untracked 
|  82|0x0000000085200000, 0x0000000085300000, 0x0000000085300000|100%| O|  |TAMS 0x0000000085300000, 0x0000000085200000| Untracked 
|  83|0x0000000085300000, 0x0000000085400000, 0x0000000085400000|100%| O|  |TAMS 0x0000000085400000, 0x0000000085300000| Untracked 
|  84|0x0000000085400000, 0x0000000085500000, 0x0000000085500000|100%| O|  |TAMS 0x0000000085500000, 0x0000000085400000| Untracked 
|  85|0x0000000085500000, 0x0000000085600000, 0x0000000085600000|100%| O|  |TAMS 0x0000000085600000, 0x0000000085500000| Untracked 
|  86|0x0000000085600000, 0x0000000085700000, 0x0000000085700000|100%|HS|  |TAMS 0x0000000085700000, 0x0000000085600000| Complete 
|  87|0x0000000085700000, 0x0000000085800000, 0x0000000085800000|100%| O|  |TAMS 0x0000000085800000, 0x0000000085700000| Untracked 
|  88|0x0000000085800000, 0x0000000085900000, 0x0000000085900000|100%|HS|  |TAMS 0x0000000085900000, 0x0000000085800000| Complete 
|  89|0x0000000085900000, 0x0000000085a00000, 0x0000000085a00000|100%|HS|  |TAMS 0x0000000085a00000, 0x0000000085900000| Complete 
|  90|0x0000000085a00000, 0x0000000085b00000, 0x0000000085b00000|100%| O|  |TAMS 0x0000000085b00000, 0x0000000085a00000| Untracked 
|  91|0x0000000085b00000, 0x0000000085c00000, 0x0000000085c00000|100%| O|  |TAMS 0x0000000085c00000, 0x0000000085b00000| Untracked 
|  92|0x0000000085c00000, 0x0000000085d00000, 0x0000000085d00000|100%| O|  |TAMS 0x0000000085d00000, 0x0000000085c00000| Untracked 
|  93|0x0000000085d00000, 0x0000000085e00000, 0x0000000085e00000|100%| O|  |TAMS 0x0000000085e00000, 0x0000000085d00000| Untracked 
|  94|0x0000000085e00000, 0x0000000085f00000, 0x0000000085f00000|100%|HS|  |TAMS 0x0000000085f00000, 0x0000000085e00000| Complete 
|  95|0x0000000085f00000, 0x0000000086000000, 0x0000000086000000|100%| O|  |TAMS 0x0000000086000000, 0x0000000085f00000| Untracked 
|  96|0x0000000086000000, 0x0000000086100000, 0x0000000086100000|100%| O|  |TAMS 0x0000000086100000, 0x0000000086000000| Untracked 
|  97|0x0000000086100000, 0x0000000086200000, 0x0000000086200000|100%| O|  |TAMS 0x0000000086100000, 0x0000000086100000| Untracked 
|  98|0x0000000086200000, 0x0000000086300000, 0x0000000086300000|100%| O|  |TAMS 0x0000000086300000, 0x0000000086200000| Untracked 
|  99|0x0000000086300000, 0x0000000086400000, 0x0000000086400000|100%| O|  |TAMS 0x0000000086400000, 0x0000000086300000| Untracked 
| 100|0x0000000086400000, 0x0000000086500000, 0x0000000086500000|100%| O|  |TAMS 0x0000000086500000, 0x0000000086400000| Untracked 
| 101|0x0000000086500000, 0x0000000086600000, 0x0000000086600000|100%| O|  |TAMS 0x0000000086600000, 0x0000000086500000| Untracked 
| 102|0x0000000086600000, 0x0000000086700000, 0x0000000086700000|100%| O|  |TAMS 0x0000000086700000, 0x0000000086600000| Untracked 
| 103|0x0000000086700000, 0x0000000086800000, 0x0000000086800000|100%| O|  |TAMS 0x0000000086800000, 0x0000000086700000| Untracked 
| 104|0x0000000086800000, 0x0000000086900000, 0x0000000086900000|100%| O|  |TAMS 0x0000000086900000, 0x0000000086800000| Untracked 
| 105|0x0000000086900000, 0x0000000086a00000, 0x0000000086a00000|100%| O|  |TAMS 0x0000000086a00000, 0x0000000086900000| Untracked 
| 106|0x0000000086a00000, 0x0000000086b00000, 0x0000000086b00000|100%| O|  |TAMS 0x0000000086b00000, 0x0000000086a00000| Untracked 
| 107|0x0000000086b00000, 0x0000000086c00000, 0x0000000086c00000|100%| O|  |TAMS 0x0000000086c00000, 0x0000000086b00000| Untracked 
| 108|0x0000000086c00000, 0x0000000086d00000, 0x0000000086d00000|100%| O|  |TAMS 0x0000000086d00000, 0x0000000086c00000| Untracked 
| 109|0x0000000086d00000, 0x0000000086e00000, 0x0000000086e00000|100%| O|  |TAMS 0x0000000086e00000, 0x0000000086d00000| Untracked 
| 110|0x0000000086e00000, 0x0000000086f00000, 0x0000000086f00000|100%| O|  |TAMS 0x0000000086f00000, 0x0000000086e00000| Untracked 
| 111|0x0000000086f00000, 0x0000000087000000, 0x0000000087000000|100%| O|  |TAMS 0x0000000087000000, 0x0000000086f00000| Untracked 
| 112|0x0000000087000000, 0x0000000087100000, 0x0000000087100000|100%| O|  |TAMS 0x0000000087100000, 0x0000000087000000| Untracked 
| 113|0x0000000087100000, 0x0000000087200000, 0x0000000087200000|100%| O|  |TAMS 0x0000000087200000, 0x0000000087100000| Untracked 
| 114|0x0000000087200000, 0x0000000087300000, 0x0000000087300000|100%| O|  |TAMS 0x0000000087300000, 0x0000000087200000| Untracked 
| 115|0x0000000087300000, 0x0000000087400000, 0x0000000087400000|100%| O|  |TAMS 0x0000000087400000, 0x0000000087300000| Untracked 
| 116|0x0000000087400000, 0x0000000087500000, 0x0000000087500000|100%| O|  |TAMS 0x0000000087500000, 0x0000000087400000| Untracked 
| 117|0x0000000087500000, 0x0000000087600000, 0x0000000087600000|100%| O|  |TAMS 0x0000000087600000, 0x0000000087500000| Untracked 
| 118|0x0000000087600000, 0x0000000087700000, 0x0000000087700000|100%| O|  |TAMS 0x0000000087700000, 0x0000000087600000| Untracked 
| 119|0x0000000087700000, 0x0000000087800000, 0x0000000087800000|100%| O|  |TAMS 0x0000000087800000, 0x0000000087700000| Untracked 
| 120|0x0000000087800000, 0x0000000087900000, 0x0000000087900000|100%| O|  |TAMS 0x0000000087900000, 0x0000000087800000| Untracked 
| 121|0x0000000087900000, 0x0000000087a00000, 0x0000000087a00000|100%| O|  |TAMS 0x0000000087a00000, 0x0000000087900000| Untracked 
| 122|0x0000000087a00000, 0x0000000087b00000, 0x0000000087b00000|100%| O|  |TAMS 0x0000000087b00000, 0x0000000087a00000| Untracked 
| 123|0x0000000087b00000, 0x0000000087c00000, 0x0000000087c00000|100%| O|  |TAMS 0x0000000087c00000, 0x0000000087b00000| Untracked 
| 124|0x0000000087c00000, 0x0000000087d00000, 0x0000000087d00000|100%| O|  |TAMS 0x0000000087d00000, 0x0000000087c00000| Untracked 
| 125|0x0000000087d00000, 0x0000000087e00000, 0x0000000087e00000|100%|HS|  |TAMS 0x0000000087e00000, 0x0000000087d00000| Complete 
| 126|0x0000000087e00000, 0x0000000087f00000, 0x0000000087f00000|100%|HS|  |TAMS 0x0000000087f00000, 0x0000000087e00000| Complete 
| 127|0x0000000087f00000, 0x0000000088000000, 0x0000000088000000|100%|HS|  |TAMS 0x0000000088000000, 0x0000000087f00000| Complete 
| 128|0x0000000088000000, 0x0000000088100000, 0x0000000088100000|100%|HC|  |TAMS 0x0000000088100000, 0x0000000088000000| Complete 
| 129|0x0000000088100000, 0x0000000088200000, 0x0000000088200000|100%|HS|  |TAMS 0x0000000088100000, 0x0000000088100000| Complete 
| 130|0x0000000088200000, 0x0000000088300000, 0x0000000088300000|100%| O|  |TAMS 0x0000000088300000, 0x0000000088200000| Untracked 
| 131|0x0000000088300000, 0x0000000088400000, 0x0000000088400000|100%| O|  |TAMS 0x0000000088400000, 0x0000000088300000| Untracked 
| 132|0x0000000088400000, 0x0000000088500000, 0x0000000088500000|100%| O|  |TAMS 0x0000000088500000, 0x0000000088400000| Untracked 
| 133|0x0000000088500000, 0x0000000088600000, 0x0000000088600000|100%| O|  |TAMS 0x0000000088600000, 0x0000000088500000| Untracked 
| 134|0x0000000088600000, 0x0000000088700000, 0x0000000088700000|100%| O|  |TAMS 0x0000000088700000, 0x0000000088600000| Untracked 
| 135|0x0000000088700000, 0x0000000088800000, 0x0000000088800000|100%| O|  |TAMS 0x0000000088800000, 0x0000000088700000| Untracked 
| 136|0x0000000088800000, 0x0000000088900000, 0x0000000088900000|100%| O|  |TAMS 0x0000000088900000, 0x0000000088800000| Untracked 
| 137|0x0000000088900000, 0x0000000088a00000, 0x0000000088a00000|100%| O|  |TAMS 0x0000000088a00000, 0x0000000088900000| Untracked 
| 138|0x0000000088a00000, 0x0000000088b00000, 0x0000000088b00000|100%| O|  |TAMS 0x0000000088b00000, 0x0000000088a00000| Untracked 
| 139|0x0000000088b00000, 0x0000000088c00000, 0x0000000088c00000|100%| O|  |TAMS 0x0000000088c00000, 0x0000000088b00000| Untracked 
| 140|0x0000000088c00000, 0x0000000088d00000, 0x0000000088d00000|100%| O|  |TAMS 0x0000000088d00000, 0x0000000088c00000| Untracked 
| 141|0x0000000088d00000, 0x0000000088e00000, 0x0000000088e00000|100%| O|  |TAMS 0x0000000088e00000, 0x0000000088d00000| Untracked 
| 142|0x0000000088e00000, 0x0000000088f00000, 0x0000000088f00000|100%| O|  |TAMS 0x0000000088f00000, 0x0000000088e00000| Untracked 
| 143|0x0000000088f00000, 0x0000000089000000, 0x0000000089000000|100%| O|  |TAMS 0x0000000089000000, 0x0000000088f00000| Untracked 
| 144|0x0000000089000000, 0x0000000089100000, 0x0000000089100000|100%| O|  |TAMS 0x0000000089100000, 0x0000000089000000| Untracked 
| 145|0x0000000089100000, 0x0000000089200000, 0x0000000089200000|100%| O|  |TAMS 0x0000000089200000, 0x0000000089100000| Untracked 
| 146|0x0000000089200000, 0x0000000089300000, 0x0000000089300000|100%| O|  |TAMS 0x0000000089300000, 0x0000000089200000| Untracked 
| 147|0x0000000089300000, 0x0000000089400000, 0x0000000089400000|100%| O|  |TAMS 0x0000000089400000, 0x0000000089300000| Untracked 
| 148|0x0000000089400000, 0x0000000089500000, 0x0000000089500000|100%| O|  |TAMS 0x0000000089500000, 0x0000000089400000| Untracked 
| 149|0x0000000089500000, 0x0000000089600000, 0x0000000089600000|100%| O|  |TAMS 0x0000000089500000, 0x0000000089500000| Untracked 
| 150|0x0000000089600000, 0x0000000089700000, 0x0000000089700000|100%| O|  |TAMS 0x0000000089700000, 0x0000000089600000| Untracked 
| 151|0x0000000089700000, 0x0000000089800000, 0x0000000089800000|100%| O|  |TAMS 0x0000000089800000, 0x0000000089700000| Untracked 
| 152|0x0000000089800000, 0x0000000089900000, 0x0000000089900000|100%| O|  |TAMS 0x0000000089900000, 0x0000000089800000| Untracked 
| 153|0x0000000089900000, 0x0000000089a00000, 0x0000000089a00000|100%| O|  |TAMS 0x0000000089900000, 0x0000000089900000| Untracked 
| 154|0x0000000089a00000, 0x0000000089b00000, 0x0000000089b00000|100%| O|  |TAMS 0x0000000089b00000, 0x0000000089a00000| Untracked 
| 155|0x0000000089b00000, 0x0000000089c00000, 0x0000000089c00000|100%| O|  |TAMS 0x0000000089c00000, 0x0000000089b00000| Untracked 
| 156|0x0000000089c00000, 0x0000000089d00000, 0x0000000089d00000|100%| O|  |TAMS 0x0000000089d00000, 0x0000000089c00000| Untracked 
| 157|0x0000000089d00000, 0x0000000089e00000, 0x0000000089e00000|100%| O|  |TAMS 0x0000000089e00000, 0x0000000089d00000| Untracked 
| 158|0x0000000089e00000, 0x0000000089f00000, 0x0000000089f00000|100%| O|  |TAMS 0x0000000089f00000, 0x0000000089e00000| Untracked 
| 159|0x0000000089f00000, 0x000000008a000000, 0x000000008a000000|100%| O|  |TAMS 0x000000008a000000, 0x0000000089f00000| Untracked 
| 160|0x000000008a000000, 0x000000008a100000, 0x000000008a100000|100%| O|  |TAMS 0x000000008a100000, 0x000000008a000000| Untracked 
| 161|0x000000008a100000, 0x000000008a200000, 0x000000008a200000|100%|HS|  |TAMS 0x000000008a100000, 0x000000008a100000| Complete 
| 162|0x000000008a200000, 0x000000008a300000, 0x000000008a300000|100%| O|  |TAMS 0x000000008a300000, 0x000000008a200000| Untracked 
| 163|0x000000008a300000, 0x000000008a400000, 0x000000008a400000|100%| O|  |TAMS 0x000000008a400000, 0x000000008a300000| Untracked 
| 164|0x000000008a400000, 0x000000008a500000, 0x000000008a500000|100%| O|  |TAMS 0x000000008a500000, 0x000000008a400000| Untracked 
| 165|0x000000008a500000, 0x000000008a600000, 0x000000008a600000|100%| O|  |TAMS 0x000000008a600000, 0x000000008a500000| Untracked 
| 166|0x000000008a600000, 0x000000008a700000, 0x000000008a700000|100%|HS|  |TAMS 0x000000008a600000, 0x000000008a600000| Complete 
| 167|0x000000008a700000, 0x000000008a800000, 0x000000008a800000|100%| O|  |TAMS 0x000000008a800000, 0x000000008a700000| Untracked 
| 168|0x000000008a800000, 0x000000008a900000, 0x000000008a900000|100%| O|  |TAMS 0x000000008a900000, 0x000000008a800000| Untracked 
| 169|0x000000008a900000, 0x000000008aa00000, 0x000000008aa00000|100%| O|  |TAMS 0x000000008aa00000, 0x000000008a900000| Untracked 
| 170|0x000000008aa00000, 0x000000008ab00000, 0x000000008ab00000|100%| O|  |TAMS 0x000000008ab00000, 0x000000008aa00000| Untracked 
| 171|0x000000008ab00000, 0x000000008ac00000, 0x000000008ac00000|100%| O|  |TAMS 0x000000008ac00000, 0x000000008ab00000| Untracked 
| 172|0x000000008ac00000, 0x000000008ad00000, 0x000000008ad00000|100%| O|  |TAMS 0x000000008ad00000, 0x000000008ac00000| Untracked 
| 173|0x000000008ad00000, 0x000000008ae00000, 0x000000008ae00000|100%| O|  |TAMS 0x000000008ae00000, 0x000000008ad00000| Untracked 
| 174|0x000000008ae00000, 0x000000008af00000, 0x000000008af00000|100%| O|  |TAMS 0x000000008af00000, 0x000000008ae00000| Untracked 
| 175|0x000000008af00000, 0x000000008b000000, 0x000000008b000000|100%| O|  |TAMS 0x000000008b000000, 0x000000008af00000| Untracked 
| 176|0x000000008b000000, 0x000000008b100000, 0x000000008b100000|100%| O|  |TAMS 0x000000008b100000, 0x000000008b000000| Untracked 
| 177|0x000000008b100000, 0x000000008b200000, 0x000000008b200000|100%| O|  |TAMS 0x000000008b200000, 0x000000008b100000| Untracked 
| 178|0x000000008b200000, 0x000000008b300000, 0x000000008b300000|100%| O|  |TAMS 0x000000008b300000, 0x000000008b200000| Untracked 
| 179|0x000000008b300000, 0x000000008b400000, 0x000000008b400000|100%| O|  |TAMS 0x000000008b400000, 0x000000008b300000| Untracked 
| 180|0x000000008b400000, 0x000000008b500000, 0x000000008b500000|100%| O|  |TAMS 0x000000008b500000, 0x000000008b400000| Untracked 
| 181|0x000000008b500000, 0x000000008b600000, 0x000000008b600000|100%|HS|  |TAMS 0x000000008b500000, 0x000000008b500000| Complete 
| 182|0x000000008b600000, 0x000000008b700000, 0x000000008b700000|100%| O|  |TAMS 0x000000008b700000, 0x000000008b600000| Untracked 
| 183|0x000000008b700000, 0x000000008b800000, 0x000000008b800000|100%| O|  |TAMS 0x000000008b800000, 0x000000008b700000| Untracked 
| 184|0x000000008b800000, 0x000000008b900000, 0x000000008b900000|100%| O|  |TAMS 0x000000008b900000, 0x000000008b800000| Untracked 
| 185|0x000000008b900000, 0x000000008ba00000, 0x000000008ba00000|100%| O|  |TAMS 0x000000008ba00000, 0x000000008b900000| Untracked 
| 186|0x000000008ba00000, 0x000000008bb00000, 0x000000008bb00000|100%| O|  |TAMS 0x000000008bb00000, 0x000000008ba00000| Untracked 
| 187|0x000000008bb00000, 0x000000008bc00000, 0x000000008bc00000|100%| O|  |TAMS 0x000000008bc00000, 0x000000008bb00000| Untracked 
| 188|0x000000008bc00000, 0x000000008bd00000, 0x000000008bd00000|100%| O|  |TAMS 0x000000008bd00000, 0x000000008bc00000| Untracked 
| 189|0x000000008bd00000, 0x000000008be00000, 0x000000008be00000|100%| O|  |TAMS 0x000000008be00000, 0x000000008bd00000| Untracked 
| 190|0x000000008be00000, 0x000000008bf00000, 0x000000008bf00000|100%| O|  |TAMS 0x000000008bf00000, 0x000000008be00000| Untracked 
| 191|0x000000008bf00000, 0x000000008c000000, 0x000000008c000000|100%| O|  |TAMS 0x000000008c000000, 0x000000008bf00000| Untracked 
| 192|0x000000008c000000, 0x000000008c100000, 0x000000008c100000|100%| O|  |TAMS 0x000000008c0de800, 0x000000008c000000| Untracked 
| 193|0x000000008c100000, 0x000000008c200000, 0x000000008c200000|100%| O|  |TAMS 0x000000008c100000, 0x000000008c100000| Untracked 
| 194|0x000000008c200000, 0x000000008c300000, 0x000000008c300000|100%| O|  |TAMS 0x000000008c200000, 0x000000008c200000| Untracked 
| 195|0x000000008c300000, 0x000000008c400000, 0x000000008c400000|100%| O|  |TAMS 0x000000008c300000, 0x000000008c300000| Untracked 
| 196|0x000000008c400000, 0x000000008c500000, 0x000000008c500000|100%| O|  |TAMS 0x000000008c400000, 0x000000008c400000| Untracked 
| 197|0x000000008c500000, 0x000000008c600000, 0x000000008c600000|100%| O|  |TAMS 0x000000008c500000, 0x000000008c500000| Untracked 
| 198|0x000000008c600000, 0x000000008c700000, 0x000000008c700000|100%| O|  |TAMS 0x000000008c600000, 0x000000008c600000| Untracked 
| 199|0x000000008c700000, 0x000000008c800000, 0x000000008c800000|100%| O|  |TAMS 0x000000008c700000, 0x000000008c700000| Untracked 
| 200|0x000000008c800000, 0x000000008c900000, 0x000000008c900000|100%| O|  |TAMS 0x000000008c800000, 0x000000008c800000| Untracked 
| 201|0x000000008c900000, 0x000000008ca00000, 0x000000008ca00000|100%| O|  |TAMS 0x000000008c900000, 0x000000008c900000| Untracked 
| 202|0x000000008ca00000, 0x000000008cb00000, 0x000000008cb00000|100%| O|  |TAMS 0x000000008ca00000, 0x000000008ca00000| Untracked 
| 203|0x000000008cb00000, 0x000000008cc00000, 0x000000008cc00000|100%| O|  |TAMS 0x000000008cb00000, 0x000000008cb00000| Untracked 
| 204|0x000000008cc00000, 0x000000008cd00000, 0x000000008cd00000|100%| O|  |TAMS 0x000000008cc00000, 0x000000008cc00000| Untracked 
| 205|0x000000008cd00000, 0x000000008cd69e00, 0x000000008ce00000| 41%| O|  |TAMS 0x000000008cd00000, 0x000000008cd00000| Untracked 
| 206|0x000000008ce00000, 0x000000008cf00000, 0x000000008cf00000|100%|HS|  |TAMS 0x000000008ce00000, 0x000000008ce00000| Complete 
| 207|0x000000008cf00000, 0x000000008cf00000, 0x000000008d000000|  0%| F|  |TAMS 0x000000008cf00000, 0x000000008cf00000| Untracked 
| 208|0x000000008d000000, 0x000000008d000000, 0x000000008d100000|  0%| F|  |TAMS 0x000000008d000000, 0x000000008d000000| Untracked 
| 209|0x000000008d100000, 0x000000008d100000, 0x000000008d200000|  0%| F|  |TAMS 0x000000008d100000, 0x000000008d100000| Untracked 
| 210|0x000000008d200000, 0x000000008d200000, 0x000000008d300000|  0%| F|  |TAMS 0x000000008d200000, 0x000000008d200000| Untracked 
| 211|0x000000008d300000, 0x000000008d300000, 0x000000008d400000|  0%| F|  |TAMS 0x000000008d300000, 0x000000008d300000| Untracked 
| 212|0x000000008d400000, 0x000000008d400000, 0x000000008d500000|  0%| F|  |TAMS 0x000000008d400000, 0x000000008d400000| Untracked 
| 213|0x000000008d500000, 0x000000008d500000, 0x000000008d600000|  0%| F|  |TAMS 0x000000008d500000, 0x000000008d500000| Untracked 
| 214|0x000000008d600000, 0x000000008d600000, 0x000000008d700000|  0%| F|  |TAMS 0x000000008d600000, 0x000000008d600000| Untracked 
| 215|0x000000008d700000, 0x000000008d700000, 0x000000008d800000|  0%| F|  |TAMS 0x000000008d700000, 0x000000008d700000| Untracked 
| 216|0x000000008d800000, 0x000000008d800000, 0x000000008d900000|  0%| F|  |TAMS 0x000000008d800000, 0x000000008d800000| Untracked 
| 217|0x000000008d900000, 0x000000008d900000, 0x000000008da00000|  0%| F|  |TAMS 0x000000008d900000, 0x000000008d900000| Untracked 
| 218|0x000000008da00000, 0x000000008da00000, 0x000000008db00000|  0%| F|  |TAMS 0x000000008da00000, 0x000000008da00000| Untracked 
| 219|0x000000008db00000, 0x000000008db00000, 0x000000008dc00000|  0%| F|  |TAMS 0x000000008db00000, 0x000000008db00000| Untracked 
| 220|0x000000008dc00000, 0x000000008dc00000, 0x000000008dd00000|  0%| F|  |TAMS 0x000000008dc00000, 0x000000008dc00000| Untracked 
| 221|0x000000008dd00000, 0x000000008dd00000, 0x000000008de00000|  0%| F|  |TAMS 0x000000008dd00000, 0x000000008dd00000| Untracked 
| 222|0x000000008de00000, 0x000000008de00000, 0x000000008df00000|  0%| F|  |TAMS 0x000000008de00000, 0x000000008de00000| Untracked 
| 223|0x000000008df00000, 0x000000008df00000, 0x000000008e000000|  0%| F|  |TAMS 0x000000008df00000, 0x000000008df00000| Untracked 
| 224|0x000000008e000000, 0x000000008e000000, 0x000000008e100000|  0%| F|  |TAMS 0x000000008e000000, 0x000000008e000000| Untracked 
| 225|0x000000008e100000, 0x000000008e100000, 0x000000008e200000|  0%| F|  |TAMS 0x000000008e100000, 0x000000008e100000| Untracked 
| 226|0x000000008e200000, 0x000000008e200000, 0x000000008e300000|  0%| F|  |TAMS 0x000000008e200000, 0x000000008e200000| Untracked 
| 227|0x000000008e300000, 0x000000008e300000, 0x000000008e400000|  0%| F|  |TAMS 0x000000008e300000, 0x000000008e300000| Untracked 
| 228|0x000000008e400000, 0x000000008e400000, 0x000000008e500000|  0%| F|  |TAMS 0x000000008e400000, 0x000000008e400000| Untracked 
| 229|0x000000008e500000, 0x000000008e500000, 0x000000008e600000|  0%| F|  |TAMS 0x000000008e500000, 0x000000008e500000| Untracked 
| 230|0x000000008e600000, 0x000000008e600000, 0x000000008e700000|  0%| F|  |TAMS 0x000000008e600000, 0x000000008e600000| Untracked 
| 231|0x000000008e700000, 0x000000008e700000, 0x000000008e800000|  0%| F|  |TAMS 0x000000008e700000, 0x000000008e700000| Untracked 
| 232|0x000000008e800000, 0x000000008e800000, 0x000000008e900000|  0%| F|  |TAMS 0x000000008e800000, 0x000000008e800000| Untracked 
| 233|0x000000008e900000, 0x000000008e900000, 0x000000008ea00000|  0%| F|  |TAMS 0x000000008e900000, 0x000000008e900000| Untracked 
| 234|0x000000008ea00000, 0x000000008ea00000, 0x000000008eb00000|  0%| F|  |TAMS 0x000000008ea00000, 0x000000008ea00000| Untracked 
| 235|0x000000008eb00000, 0x000000008eb00000, 0x000000008ec00000|  0%| F|  |TAMS 0x000000008eb00000, 0x000000008eb00000| Untracked 
| 236|0x000000008ec00000, 0x000000008ec00000, 0x000000008ed00000|  0%| F|  |TAMS 0x000000008ec00000, 0x000000008ec00000| Untracked 
| 237|0x000000008ed00000, 0x000000008ed00000, 0x000000008ee00000|  0%| F|  |TAMS 0x000000008ed00000, 0x000000008ed00000| Untracked 
| 238|0x000000008ee00000, 0x000000008ee00000, 0x000000008ef00000|  0%| F|  |TAMS 0x000000008ee00000, 0x000000008ee00000| Untracked 
| 239|0x000000008ef00000, 0x000000008ef00000, 0x000000008f000000|  0%| F|  |TAMS 0x000000008ef00000, 0x000000008ef00000| Untracked 
| 240|0x000000008f000000, 0x000000008f000000, 0x000000008f100000|  0%| F|  |TAMS 0x000000008f000000, 0x000000008f000000| Untracked 
| 241|0x000000008f100000, 0x000000008f100000, 0x000000008f200000|  0%| F|  |TAMS 0x000000008f100000, 0x000000008f100000| Untracked 
| 242|0x000000008f200000, 0x000000008f200000, 0x000000008f300000|  0%| F|  |TAMS 0x000000008f200000, 0x000000008f200000| Untracked 
| 243|0x000000008f300000, 0x000000008f300000, 0x000000008f400000|  0%| F|  |TAMS 0x000000008f300000, 0x000000008f300000| Untracked 
| 244|0x000000008f400000, 0x000000008f400000, 0x000000008f500000|  0%| F|  |TAMS 0x000000008f400000, 0x000000008f400000| Untracked 
| 245|0x000000008f500000, 0x000000008f500000, 0x000000008f600000|  0%| F|  |TAMS 0x000000008f500000, 0x000000008f500000| Untracked 
| 246|0x000000008f600000, 0x000000008f600000, 0x000000008f700000|  0%| F|  |TAMS 0x000000008f600000, 0x000000008f600000| Untracked 
| 247|0x000000008f700000, 0x000000008f700000, 0x000000008f800000|  0%| F|  |TAMS 0x000000008f700000, 0x000000008f700000| Untracked 
| 248|0x000000008f800000, 0x000000008f800000, 0x000000008f900000|  0%| F|  |TAMS 0x000000008f800000, 0x000000008f800000| Untracked 
| 249|0x000000008f900000, 0x000000008f900000, 0x000000008fa00000|  0%| F|  |TAMS 0x000000008f900000, 0x000000008f900000| Untracked 
| 250|0x000000008fa00000, 0x000000008fa00000, 0x000000008fb00000|  0%| F|  |TAMS 0x000000008fa00000, 0x000000008fa00000| Untracked 
| 251|0x000000008fb00000, 0x000000008fb00000, 0x000000008fc00000|  0%| F|  |TAMS 0x000000008fb00000, 0x000000008fb00000| Untracked 
| 252|0x000000008fc00000, 0x000000008fc00000, 0x000000008fd00000|  0%| F|  |TAMS 0x000000008fc00000, 0x000000008fc00000| Untracked 
| 253|0x000000008fd00000, 0x000000008fd00000, 0x000000008fe00000|  0%| F|  |TAMS 0x000000008fd00000, 0x000000008fd00000| Untracked 
| 254|0x000000008fe00000, 0x000000008fe00000, 0x000000008ff00000|  0%| F|  |TAMS 0x000000008fe00000, 0x000000008fe00000| Untracked 
| 255|0x000000008ff00000, 0x000000008ff00000, 0x0000000090000000|  0%| F|  |TAMS 0x000000008ff00000, 0x000000008ff00000| Untracked 
| 256|0x0000000090000000, 0x0000000090000000, 0x0000000090100000|  0%| F|  |TAMS 0x0000000090000000, 0x0000000090000000| Untracked 
| 257|0x0000000090100000, 0x0000000090100000, 0x0000000090200000|  0%| F|  |TAMS 0x0000000090100000, 0x0000000090100000| Untracked 
| 258|0x0000000090200000, 0x0000000090200000, 0x0000000090300000|  0%| F|  |TAMS 0x0000000090200000, 0x0000000090200000| Untracked 
| 259|0x0000000090300000, 0x0000000090300000, 0x0000000090400000|  0%| F|  |TAMS 0x0000000090300000, 0x0000000090300000| Untracked 
| 260|0x0000000090400000, 0x0000000090400000, 0x0000000090500000|  0%| F|  |TAMS 0x0000000090400000, 0x0000000090400000| Untracked 
| 261|0x0000000090500000, 0x0000000090596660, 0x0000000090600000| 58%| S|CS|TAMS 0x0000000090500000, 0x0000000090500000| Complete 
| 262|0x0000000090600000, 0x0000000090700000, 0x0000000090700000|100%| S|CS|TAMS 0x0000000090600000, 0x0000000090600000| Complete 
| 263|0x0000000090700000, 0x0000000090800000, 0x0000000090800000|100%| S|CS|TAMS 0x0000000090700000, 0x0000000090700000| Complete 
| 264|0x0000000090800000, 0x0000000090900000, 0x0000000090900000|100%| S|CS|TAMS 0x0000000090800000, 0x0000000090800000| Complete 
| 265|0x0000000090900000, 0x0000000090900000, 0x0000000090a00000|  0%| F|  |TAMS 0x0000000090900000, 0x0000000090900000| Untracked 
| 266|0x0000000090a00000, 0x0000000090a00000, 0x0000000090b00000|  0%| F|  |TAMS 0x0000000090a00000, 0x0000000090a00000| Untracked 
| 267|0x0000000090b00000, 0x0000000090b00000, 0x0000000090c00000|  0%| F|  |TAMS 0x0000000090b00000, 0x0000000090b00000| Untracked 
| 268|0x0000000090c00000, 0x0000000090c00000, 0x0000000090d00000|  0%| F|  |TAMS 0x0000000090c00000, 0x0000000090c00000| Untracked 
| 269|0x0000000090d00000, 0x0000000090d00000, 0x0000000090e00000|  0%| F|  |TAMS 0x0000000090d00000, 0x0000000090d00000| Untracked 
| 270|0x0000000090e00000, 0x0000000090e00000, 0x0000000090f00000|  0%| F|  |TAMS 0x0000000090e00000, 0x0000000090e00000| Untracked 
| 271|0x0000000090f00000, 0x0000000090f00000, 0x0000000091000000|  0%| F|  |TAMS 0x0000000090f00000, 0x0000000090f00000| Untracked 
| 272|0x0000000091000000, 0x0000000091000000, 0x0000000091100000|  0%| F|  |TAMS 0x0000000091000000, 0x0000000091000000| Untracked 
| 273|0x0000000091100000, 0x0000000091100000, 0x0000000091200000|  0%| F|  |TAMS 0x0000000091100000, 0x0000000091100000| Untracked 
| 274|0x0000000091200000, 0x0000000091200000, 0x0000000091300000|  0%| F|  |TAMS 0x0000000091200000, 0x0000000091200000| Untracked 
| 275|0x0000000091300000, 0x0000000091300000, 0x0000000091400000|  0%| F|  |TAMS 0x0000000091300000, 0x0000000091300000| Untracked 
| 276|0x0000000091400000, 0x0000000091400000, 0x0000000091500000|  0%| F|  |TAMS 0x0000000091400000, 0x0000000091400000| Untracked 
| 277|0x0000000091500000, 0x0000000091500000, 0x0000000091600000|  0%| F|  |TAMS 0x0000000091500000, 0x0000000091500000| Untracked 
| 278|0x0000000091600000, 0x0000000091600000, 0x0000000091700000|  0%| F|  |TAMS 0x0000000091600000, 0x0000000091600000| Untracked 
| 279|0x0000000091700000, 0x0000000091700000, 0x0000000091800000|  0%| F|  |TAMS 0x0000000091700000, 0x0000000091700000| Untracked 
| 280|0x0000000091800000, 0x0000000091800000, 0x0000000091900000|  0%| F|  |TAMS 0x0000000091800000, 0x0000000091800000| Untracked 
| 281|0x0000000091900000, 0x0000000091900000, 0x0000000091a00000|  0%| F|  |TAMS 0x0000000091900000, 0x0000000091900000| Untracked 
| 282|0x0000000091a00000, 0x0000000091a00000, 0x0000000091b00000|  0%| F|  |TAMS 0x0000000091a00000, 0x0000000091a00000| Untracked 
| 283|0x0000000091b00000, 0x0000000091b00000, 0x0000000091c00000|  0%| F|  |TAMS 0x0000000091b00000, 0x0000000091b00000| Untracked 
| 284|0x0000000091c00000, 0x0000000091c00000, 0x0000000091d00000|  0%| F|  |TAMS 0x0000000091c00000, 0x0000000091c00000| Untracked 
| 285|0x0000000091d00000, 0x0000000091d00000, 0x0000000091e00000|  0%| F|  |TAMS 0x0000000091d00000, 0x0000000091d00000| Untracked 
| 286|0x0000000091e00000, 0x0000000091e00000, 0x0000000091f00000|  0%| F|  |TAMS 0x0000000091e00000, 0x0000000091e00000| Untracked 
| 287|0x0000000091f00000, 0x0000000091f00000, 0x0000000092000000|  0%| F|  |TAMS 0x0000000091f00000, 0x0000000091f00000| Untracked 
| 288|0x0000000092000000, 0x0000000092000000, 0x0000000092100000|  0%| F|  |TAMS 0x0000000092000000, 0x0000000092000000| Untracked 
| 289|0x0000000092100000, 0x0000000092100000, 0x0000000092200000|  0%| F|  |TAMS 0x0000000092100000, 0x0000000092100000| Untracked 
| 290|0x0000000092200000, 0x0000000092200000, 0x0000000092300000|  0%| F|  |TAMS 0x0000000092200000, 0x0000000092200000| Untracked 
| 291|0x0000000092300000, 0x0000000092300000, 0x0000000092400000|  0%| F|  |TAMS 0x0000000092300000, 0x0000000092300000| Untracked 
| 292|0x0000000092400000, 0x0000000092400000, 0x0000000092500000|  0%| F|  |TAMS 0x0000000092400000, 0x0000000092400000| Untracked 
| 293|0x0000000092500000, 0x0000000092500000, 0x0000000092600000|  0%| F|  |TAMS 0x0000000092500000, 0x0000000092500000| Untracked 
| 294|0x0000000092600000, 0x0000000092600000, 0x0000000092700000|  0%| F|  |TAMS 0x0000000092600000, 0x0000000092600000| Untracked 
| 295|0x0000000092700000, 0x0000000092700000, 0x0000000092800000|  0%| F|  |TAMS 0x0000000092700000, 0x0000000092700000| Untracked 
| 296|0x0000000092800000, 0x0000000092800000, 0x0000000092900000|  0%| F|  |TAMS 0x0000000092800000, 0x0000000092800000| Untracked 
| 297|0x0000000092900000, 0x0000000092900000, 0x0000000092a00000|  0%| F|  |TAMS 0x0000000092900000, 0x0000000092900000| Untracked 
| 298|0x0000000092a00000, 0x0000000092a00000, 0x0000000092b00000|  0%| F|  |TAMS 0x0000000092a00000, 0x0000000092a00000| Untracked 
| 299|0x0000000092b00000, 0x0000000092b00000, 0x0000000092c00000|  0%| F|  |TAMS 0x0000000092b00000, 0x0000000092b00000| Untracked 
| 300|0x0000000092c00000, 0x0000000092c00000, 0x0000000092d00000|  0%| F|  |TAMS 0x0000000092c00000, 0x0000000092c00000| Untracked 
| 301|0x0000000092d00000, 0x0000000092d00000, 0x0000000092e00000|  0%| F|  |TAMS 0x0000000092d00000, 0x0000000092d00000| Untracked 
| 302|0x0000000092e00000, 0x0000000092e00000, 0x0000000092f00000|  0%| F|  |TAMS 0x0000000092e00000, 0x0000000092e00000| Untracked 
| 303|0x0000000092f00000, 0x0000000092f00000, 0x0000000093000000|  0%| F|  |TAMS 0x0000000092f00000, 0x0000000092f00000| Untracked 
| 304|0x0000000093000000, 0x0000000093000000, 0x0000000093100000|  0%| F|  |TAMS 0x0000000093000000, 0x0000000093000000| Untracked 
| 305|0x0000000093100000, 0x0000000093100000, 0x0000000093200000|  0%| F|  |TAMS 0x0000000093100000, 0x0000000093100000| Untracked 
| 306|0x0000000093200000, 0x0000000093200000, 0x0000000093300000|  0%| F|  |TAMS 0x0000000093200000, 0x0000000093200000| Untracked 
| 307|0x0000000093300000, 0x0000000093300000, 0x0000000093400000|  0%| F|  |TAMS 0x0000000093300000, 0x0000000093300000| Untracked 
| 308|0x0000000093400000, 0x0000000093400000, 0x0000000093500000|  0%| F|  |TAMS 0x0000000093400000, 0x0000000093400000| Untracked 
| 309|0x0000000093500000, 0x0000000093500000, 0x0000000093600000|  0%| F|  |TAMS 0x0000000093500000, 0x0000000093500000| Untracked 
| 310|0x0000000093600000, 0x0000000093600000, 0x0000000093700000|  0%| F|  |TAMS 0x0000000093600000, 0x0000000093600000| Untracked 
| 311|0x0000000093700000, 0x0000000093700000, 0x0000000093800000|  0%| F|  |TAMS 0x0000000093700000, 0x0000000093700000| Untracked 
| 312|0x0000000093800000, 0x0000000093800000, 0x0000000093900000|  0%| F|  |TAMS 0x0000000093800000, 0x0000000093800000| Untracked 
| 313|0x0000000093900000, 0x0000000093900000, 0x0000000093a00000|  0%| F|  |TAMS 0x0000000093900000, 0x0000000093900000| Untracked 
| 314|0x0000000093a00000, 0x0000000093a00000, 0x0000000093b00000|  0%| F|  |TAMS 0x0000000093a00000, 0x0000000093a00000| Untracked 
| 315|0x0000000093b00000, 0x0000000093b00000, 0x0000000093c00000|  0%| F|  |TAMS 0x0000000093b00000, 0x0000000093b00000| Untracked 
| 316|0x0000000093c00000, 0x0000000093c00000, 0x0000000093d00000|  0%| F|  |TAMS 0x0000000093c00000, 0x0000000093c00000| Untracked 
| 317|0x0000000093d00000, 0x0000000093d00000, 0x0000000093e00000|  0%| F|  |TAMS 0x0000000093d00000, 0x0000000093d00000| Untracked 
| 318|0x0000000093e00000, 0x0000000093e00000, 0x0000000093f00000|  0%| F|  |TAMS 0x0000000093e00000, 0x0000000093e00000| Untracked 
| 319|0x0000000093f00000, 0x0000000093f00000, 0x0000000094000000|  0%| F|  |TAMS 0x0000000093f00000, 0x0000000093f00000| Untracked 
| 320|0x0000000094000000, 0x0000000094000000, 0x0000000094100000|  0%| F|  |TAMS 0x0000000094000000, 0x0000000094000000| Untracked 
| 321|0x0000000094100000, 0x0000000094100000, 0x0000000094200000|  0%| F|  |TAMS 0x0000000094100000, 0x0000000094100000| Untracked 
| 322|0x0000000094200000, 0x0000000094200000, 0x0000000094300000|  0%| F|  |TAMS 0x0000000094200000, 0x0000000094200000| Untracked 
| 323|0x0000000094300000, 0x0000000094300000, 0x0000000094400000|  0%| F|  |TAMS 0x0000000094300000, 0x0000000094300000| Untracked 
| 324|0x0000000094400000, 0x0000000094400000, 0x0000000094500000|  0%| F|  |TAMS 0x0000000094400000, 0x0000000094400000| Untracked 
| 325|0x0000000094500000, 0x0000000094500000, 0x0000000094600000|  0%| F|  |TAMS 0x0000000094500000, 0x0000000094500000| Untracked 
| 326|0x0000000094600000, 0x0000000094600000, 0x0000000094700000|  0%| F|  |TAMS 0x0000000094600000, 0x0000000094600000| Untracked 
| 327|0x0000000094700000, 0x0000000094700000, 0x0000000094800000|  0%| F|  |TAMS 0x0000000094700000, 0x0000000094700000| Untracked 
| 328|0x0000000094800000, 0x0000000094800000, 0x0000000094900000|  0%| F|  |TAMS 0x0000000094800000, 0x0000000094800000| Untracked 
| 329|0x0000000094900000, 0x0000000094900000, 0x0000000094a00000|  0%| F|  |TAMS 0x0000000094900000, 0x0000000094900000| Untracked 
| 330|0x0000000094a00000, 0x0000000094a00000, 0x0000000094b00000|  0%| F|  |TAMS 0x0000000094a00000, 0x0000000094a00000| Untracked 
| 331|0x0000000094b00000, 0x0000000094b00000, 0x0000000094c00000|  0%| F|  |TAMS 0x0000000094b00000, 0x0000000094b00000| Untracked 
| 332|0x0000000094c00000, 0x0000000094c00000, 0x0000000094d00000|  0%| F|  |TAMS 0x0000000094c00000, 0x0000000094c00000| Untracked 
| 333|0x0000000094d00000, 0x0000000094d00000, 0x0000000094e00000|  0%| F|  |TAMS 0x0000000094d00000, 0x0000000094d00000| Untracked 
| 334|0x0000000094e00000, 0x0000000094e00000, 0x0000000094f00000|  0%| F|  |TAMS 0x0000000094e00000, 0x0000000094e00000| Untracked 
| 335|0x0000000094f00000, 0x0000000094f00000, 0x0000000095000000|  0%| F|  |TAMS 0x0000000094f00000, 0x0000000094f00000| Untracked 
| 336|0x0000000095000000, 0x0000000095000000, 0x0000000095100000|  0%| F|  |TAMS 0x0000000095000000, 0x0000000095000000| Untracked 
| 337|0x0000000095100000, 0x0000000095100000, 0x0000000095200000|  0%| F|  |TAMS 0x0000000095100000, 0x0000000095100000| Untracked 
| 338|0x0000000095200000, 0x0000000095200000, 0x0000000095300000|  0%| F|  |TAMS 0x0000000095200000, 0x0000000095200000| Untracked 
| 339|0x0000000095300000, 0x0000000095300000, 0x0000000095400000|  0%| F|  |TAMS 0x0000000095300000, 0x0000000095300000| Untracked 
| 340|0x0000000095400000, 0x0000000095400000, 0x0000000095500000|  0%| F|  |TAMS 0x0000000095400000, 0x0000000095400000| Untracked 
| 341|0x0000000095500000, 0x0000000095500000, 0x0000000095600000|  0%| F|  |TAMS 0x0000000095500000, 0x0000000095500000| Untracked 
| 342|0x0000000095600000, 0x0000000095600000, 0x0000000095700000|  0%| F|  |TAMS 0x0000000095600000, 0x0000000095600000| Untracked 
| 343|0x0000000095700000, 0x0000000095700000, 0x0000000095800000|  0%| F|  |TAMS 0x0000000095700000, 0x0000000095700000| Untracked 
| 344|0x0000000095800000, 0x0000000095800000, 0x0000000095900000|  0%| F|  |TAMS 0x0000000095800000, 0x0000000095800000| Untracked 
| 345|0x0000000095900000, 0x0000000095900000, 0x0000000095a00000|  0%| F|  |TAMS 0x0000000095900000, 0x0000000095900000| Untracked 
| 346|0x0000000095a00000, 0x0000000095a00000, 0x0000000095b00000|  0%| F|  |TAMS 0x0000000095a00000, 0x0000000095a00000| Untracked 
| 347|0x0000000095b00000, 0x0000000095b00000, 0x0000000095c00000|  0%| F|  |TAMS 0x0000000095b00000, 0x0000000095b00000| Untracked 
| 348|0x0000000095c00000, 0x0000000095c00000, 0x0000000095d00000|  0%| F|  |TAMS 0x0000000095c00000, 0x0000000095c00000| Untracked 
| 349|0x0000000095d00000, 0x0000000095d00000, 0x0000000095e00000|  0%| F|  |TAMS 0x0000000095d00000, 0x0000000095d00000| Untracked 
| 350|0x0000000095e00000, 0x0000000095e00000, 0x0000000095f00000|  0%| F|  |TAMS 0x0000000095e00000, 0x0000000095e00000| Untracked 
| 351|0x0000000095f00000, 0x0000000095f00000, 0x0000000096000000|  0%| F|  |TAMS 0x0000000095f00000, 0x0000000095f00000| Untracked 
| 352|0x0000000096000000, 0x0000000096000000, 0x0000000096100000|  0%| F|  |TAMS 0x0000000096000000, 0x0000000096000000| Untracked 
| 353|0x0000000096100000, 0x0000000096100000, 0x0000000096200000|  0%| F|  |TAMS 0x0000000096100000, 0x0000000096100000| Untracked 
| 354|0x0000000096200000, 0x0000000096200000, 0x0000000096300000|  0%| F|  |TAMS 0x0000000096200000, 0x0000000096200000| Untracked 
| 355|0x0000000096300000, 0x0000000096300000, 0x0000000096400000|  0%| F|  |TAMS 0x0000000096300000, 0x0000000096300000| Untracked 
| 356|0x0000000096400000, 0x0000000096400000, 0x0000000096500000|  0%| F|  |TAMS 0x0000000096400000, 0x0000000096400000| Untracked 
| 357|0x0000000096500000, 0x0000000096500000, 0x0000000096600000|  0%| F|  |TAMS 0x0000000096500000, 0x0000000096500000| Untracked 
| 358|0x0000000096600000, 0x0000000096600000, 0x0000000096700000|  0%| F|  |TAMS 0x0000000096600000, 0x0000000096600000| Untracked 
| 359|0x0000000096700000, 0x0000000096700000, 0x0000000096800000|  0%| F|  |TAMS 0x0000000096700000, 0x0000000096700000| Untracked 
| 360|0x0000000096800000, 0x0000000096800000, 0x0000000096900000|  0%| F|  |TAMS 0x0000000096800000, 0x0000000096800000| Untracked 
| 361|0x0000000096900000, 0x0000000096900000, 0x0000000096a00000|  0%| F|  |TAMS 0x0000000096900000, 0x0000000096900000| Untracked 
| 362|0x0000000096a00000, 0x0000000096a00000, 0x0000000096b00000|  0%| F|  |TAMS 0x0000000096a00000, 0x0000000096a00000| Untracked 
| 363|0x0000000096b00000, 0x0000000096b00000, 0x0000000096c00000|  0%| F|  |TAMS 0x0000000096b00000, 0x0000000096b00000| Untracked 
| 364|0x0000000096c00000, 0x0000000096c00000, 0x0000000096d00000|  0%| F|  |TAMS 0x0000000096c00000, 0x0000000096c00000| Untracked 
| 365|0x0000000096d00000, 0x0000000096d00000, 0x0000000096e00000|  0%| F|  |TAMS 0x0000000096d00000, 0x0000000096d00000| Untracked 
| 366|0x0000000096e00000, 0x0000000096e00000, 0x0000000096f00000|  0%| F|  |TAMS 0x0000000096e00000, 0x0000000096e00000| Untracked 
| 367|0x0000000096f00000, 0x0000000096f00000, 0x0000000097000000|  0%| F|  |TAMS 0x0000000096f00000, 0x0000000096f00000| Untracked 
| 368|0x0000000097000000, 0x0000000097000000, 0x0000000097100000|  0%| F|  |TAMS 0x0000000097000000, 0x0000000097000000| Untracked 
| 369|0x0000000097100000, 0x0000000097100000, 0x0000000097200000|  0%| F|  |TAMS 0x0000000097100000, 0x0000000097100000| Untracked 
| 370|0x0000000097200000, 0x0000000097200000, 0x0000000097300000|  0%| F|  |TAMS 0x0000000097200000, 0x0000000097200000| Untracked 
| 371|0x0000000097300000, 0x0000000097300000, 0x0000000097400000|  0%| F|  |TAMS 0x0000000097300000, 0x0000000097300000| Untracked 
| 372|0x0000000097400000, 0x0000000097400000, 0x0000000097500000|  0%| F|  |TAMS 0x0000000097400000, 0x0000000097400000| Untracked 
| 373|0x0000000097500000, 0x0000000097500000, 0x0000000097600000|  0%| F|  |TAMS 0x0000000097500000, 0x0000000097500000| Untracked 
| 374|0x0000000097600000, 0x0000000097600000, 0x0000000097700000|  0%| F|  |TAMS 0x0000000097600000, 0x0000000097600000| Untracked 
| 375|0x0000000097700000, 0x0000000097700000, 0x0000000097800000|  0%| F|  |TAMS 0x0000000097700000, 0x0000000097700000| Untracked 
| 376|0x0000000097800000, 0x0000000097800000, 0x0000000097900000|  0%| F|  |TAMS 0x0000000097800000, 0x0000000097800000| Untracked 
| 377|0x0000000097900000, 0x0000000097900000, 0x0000000097a00000|  0%| F|  |TAMS 0x0000000097900000, 0x0000000097900000| Untracked 
| 378|0x0000000097a00000, 0x0000000097a00000, 0x0000000097b00000|  0%| F|  |TAMS 0x0000000097a00000, 0x0000000097a00000| Untracked 
| 379|0x0000000097b00000, 0x0000000097b00000, 0x0000000097c00000|  0%| F|  |TAMS 0x0000000097b00000, 0x0000000097b00000| Untracked 
| 380|0x0000000097c00000, 0x0000000097c00000, 0x0000000097d00000|  0%| F|  |TAMS 0x0000000097c00000, 0x0000000097c00000| Untracked 
| 381|0x0000000097d00000, 0x0000000097d00000, 0x0000000097e00000|  0%| F|  |TAMS 0x0000000097d00000, 0x0000000097d00000| Untracked 
| 382|0x0000000097e00000, 0x0000000097e00000, 0x0000000097f00000|  0%| F|  |TAMS 0x0000000097e00000, 0x0000000097e00000| Untracked 
| 383|0x0000000097f00000, 0x0000000097f00000, 0x0000000098000000|  0%| F|  |TAMS 0x0000000097f00000, 0x0000000097f00000| Untracked 
| 384|0x0000000098000000, 0x0000000098000000, 0x0000000098100000|  0%| F|  |TAMS 0x0000000098000000, 0x0000000098000000| Untracked 
| 385|0x0000000098100000, 0x0000000098100000, 0x0000000098200000|  0%| F|  |TAMS 0x0000000098100000, 0x0000000098100000| Untracked 
| 386|0x0000000098200000, 0x0000000098200000, 0x0000000098300000|  0%| F|  |TAMS 0x0000000098200000, 0x0000000098200000| Untracked 
| 387|0x0000000098300000, 0x0000000098300000, 0x0000000098400000|  0%| F|  |TAMS 0x0000000098300000, 0x0000000098300000| Untracked 
| 388|0x0000000098400000, 0x0000000098400000, 0x0000000098500000|  0%| F|  |TAMS 0x0000000098400000, 0x0000000098400000| Untracked 
| 389|0x0000000098500000, 0x0000000098500000, 0x0000000098600000|  0%| F|  |TAMS 0x0000000098500000, 0x0000000098500000| Untracked 
| 390|0x0000000098600000, 0x0000000098600000, 0x0000000098700000|  0%| F|  |TAMS 0x0000000098600000, 0x0000000098600000| Untracked 
| 391|0x0000000098700000, 0x0000000098700000, 0x0000000098800000|  0%| F|  |TAMS 0x0000000098700000, 0x0000000098700000| Untracked 
| 392|0x0000000098800000, 0x0000000098800000, 0x0000000098900000|  0%| F|  |TAMS 0x0000000098800000, 0x0000000098800000| Untracked 
| 393|0x0000000098900000, 0x0000000098900000, 0x0000000098a00000|  0%| F|  |TAMS 0x0000000098900000, 0x0000000098900000| Untracked 
| 394|0x0000000098a00000, 0x0000000098a00000, 0x0000000098b00000|  0%| F|  |TAMS 0x0000000098a00000, 0x0000000098a00000| Untracked 
| 395|0x0000000098b00000, 0x0000000098b00000, 0x0000000098c00000|  0%| F|  |TAMS 0x0000000098b00000, 0x0000000098b00000| Untracked 
| 396|0x0000000098c00000, 0x0000000098c00000, 0x0000000098d00000|  0%| F|  |TAMS 0x0000000098c00000, 0x0000000098c00000| Untracked 
| 397|0x0000000098d00000, 0x0000000098d00000, 0x0000000098e00000|  0%| F|  |TAMS 0x0000000098d00000, 0x0000000098d00000| Untracked 
| 398|0x0000000098e00000, 0x0000000098e00000, 0x0000000098f00000|  0%| F|  |TAMS 0x0000000098e00000, 0x0000000098e00000| Untracked 
| 399|0x0000000098f00000, 0x0000000098f00000, 0x0000000099000000|  0%| F|  |TAMS 0x0000000098f00000, 0x0000000098f00000| Untracked 
| 400|0x0000000099000000, 0x0000000099000000, 0x0000000099100000|  0%| F|  |TAMS 0x0000000099000000, 0x0000000099000000| Untracked 
| 401|0x0000000099100000, 0x0000000099100000, 0x0000000099200000|  0%| F|  |TAMS 0x0000000099100000, 0x0000000099100000| Untracked 
| 402|0x0000000099200000, 0x0000000099200000, 0x0000000099300000|  0%| F|  |TAMS 0x0000000099200000, 0x0000000099200000| Untracked 
| 403|0x0000000099300000, 0x0000000099300000, 0x0000000099400000|  0%| F|  |TAMS 0x0000000099300000, 0x0000000099300000| Untracked 
| 404|0x0000000099400000, 0x0000000099400000, 0x0000000099500000|  0%| F|  |TAMS 0x0000000099400000, 0x0000000099400000| Untracked 
| 405|0x0000000099500000, 0x0000000099500000, 0x0000000099600000|  0%| F|  |TAMS 0x0000000099500000, 0x0000000099500000| Untracked 
| 406|0x0000000099600000, 0x0000000099600000, 0x0000000099700000|  0%| F|  |TAMS 0x0000000099600000, 0x0000000099600000| Untracked 
| 407|0x0000000099700000, 0x0000000099700000, 0x0000000099800000|  0%| F|  |TAMS 0x0000000099700000, 0x0000000099700000| Untracked 
| 408|0x0000000099800000, 0x0000000099800000, 0x0000000099900000|  0%| F|  |TAMS 0x0000000099800000, 0x0000000099800000| Untracked 
| 409|0x0000000099900000, 0x0000000099900000, 0x0000000099a00000|  0%| F|  |TAMS 0x0000000099900000, 0x0000000099900000| Untracked 
| 410|0x0000000099a00000, 0x0000000099a00000, 0x0000000099b00000|  0%| F|  |TAMS 0x0000000099a00000, 0x0000000099a00000| Untracked 
| 411|0x0000000099b00000, 0x0000000099b00000, 0x0000000099c00000|  0%| F|  |TAMS 0x0000000099b00000, 0x0000000099b00000| Untracked 
| 412|0x0000000099c00000, 0x0000000099c00000, 0x0000000099d00000|  0%| F|  |TAMS 0x0000000099c00000, 0x0000000099c00000| Untracked 
| 413|0x0000000099d00000, 0x0000000099d00000, 0x0000000099e00000|  0%| F|  |TAMS 0x0000000099d00000, 0x0000000099d00000| Untracked 
| 414|0x0000000099e00000, 0x0000000099e00000, 0x0000000099f00000|  0%| F|  |TAMS 0x0000000099e00000, 0x0000000099e00000| Untracked 
| 415|0x0000000099f00000, 0x0000000099f00000, 0x000000009a000000|  0%| F|  |TAMS 0x0000000099f00000, 0x0000000099f00000| Untracked 
| 416|0x000000009a000000, 0x000000009a000000, 0x000000009a100000|  0%| F|  |TAMS 0x000000009a000000, 0x000000009a000000| Untracked 
| 417|0x000000009a100000, 0x000000009a100000, 0x000000009a200000|  0%| F|  |TAMS 0x000000009a100000, 0x000000009a100000| Untracked 
| 418|0x000000009a200000, 0x000000009a200000, 0x000000009a300000|  0%| F|  |TAMS 0x000000009a200000, 0x000000009a200000| Untracked 
| 419|0x000000009a300000, 0x000000009a300000, 0x000000009a400000|  0%| F|  |TAMS 0x000000009a300000, 0x000000009a300000| Untracked 
| 420|0x000000009a400000, 0x000000009a400000, 0x000000009a500000|  0%| F|  |TAMS 0x000000009a400000, 0x000000009a400000| Untracked 
| 421|0x000000009a500000, 0x000000009a500000, 0x000000009a600000|  0%| F|  |TAMS 0x000000009a500000, 0x000000009a500000| Untracked 
| 422|0x000000009a600000, 0x000000009a600000, 0x000000009a700000|  0%| F|  |TAMS 0x000000009a600000, 0x000000009a600000| Untracked 
| 423|0x000000009a700000, 0x000000009a700000, 0x000000009a800000|  0%| F|  |TAMS 0x000000009a700000, 0x000000009a700000| Untracked 
| 424|0x000000009a800000, 0x000000009a800000, 0x000000009a900000|  0%| F|  |TAMS 0x000000009a800000, 0x000000009a800000| Untracked 
| 425|0x000000009a900000, 0x000000009a900000, 0x000000009aa00000|  0%| F|  |TAMS 0x000000009a900000, 0x000000009a900000| Untracked 
| 426|0x000000009aa00000, 0x000000009aa00000, 0x000000009ab00000|  0%| F|  |TAMS 0x000000009aa00000, 0x000000009aa00000| Untracked 
| 427|0x000000009ab00000, 0x000000009ab00000, 0x000000009ac00000|  0%| F|  |TAMS 0x000000009ab00000, 0x000000009ab00000| Untracked 
| 428|0x000000009ac00000, 0x000000009ac00000, 0x000000009ad00000|  0%| F|  |TAMS 0x000000009ac00000, 0x000000009ac00000| Untracked 
| 429|0x000000009ad00000, 0x000000009ad00000, 0x000000009ae00000|  0%| F|  |TAMS 0x000000009ad00000, 0x000000009ad00000| Untracked 
| 430|0x000000009ae00000, 0x000000009ae00000, 0x000000009af00000|  0%| F|  |TAMS 0x000000009ae00000, 0x000000009ae00000| Untracked 
| 431|0x000000009af00000, 0x000000009af00000, 0x000000009b000000|  0%| F|  |TAMS 0x000000009af00000, 0x000000009af00000| Untracked 
| 432|0x000000009b000000, 0x000000009b000000, 0x000000009b100000|  0%| F|  |TAMS 0x000000009b000000, 0x000000009b000000| Untracked 
| 433|0x000000009b100000, 0x000000009b100000, 0x000000009b200000|  0%| F|  |TAMS 0x000000009b100000, 0x000000009b100000| Untracked 
| 434|0x000000009b200000, 0x000000009b200000, 0x000000009b300000|  0%| F|  |TAMS 0x000000009b200000, 0x000000009b200000| Untracked 
| 435|0x000000009b300000, 0x000000009b300000, 0x000000009b400000|  0%| F|  |TAMS 0x000000009b300000, 0x000000009b300000| Untracked 
| 436|0x000000009b400000, 0x000000009b400000, 0x000000009b500000|  0%| F|  |TAMS 0x000000009b400000, 0x000000009b400000| Untracked 
| 437|0x000000009b500000, 0x000000009b500000, 0x000000009b600000|  0%| F|  |TAMS 0x000000009b500000, 0x000000009b500000| Untracked 
| 438|0x000000009b600000, 0x000000009b600000, 0x000000009b700000|  0%| F|  |TAMS 0x000000009b600000, 0x000000009b600000| Untracked 
| 439|0x000000009b700000, 0x000000009b700000, 0x000000009b800000|  0%| F|  |TAMS 0x000000009b700000, 0x000000009b700000| Untracked 
| 440|0x000000009b800000, 0x000000009b800000, 0x000000009b900000|  0%| F|  |TAMS 0x000000009b800000, 0x000000009b800000| Untracked 
| 441|0x000000009b900000, 0x000000009b900000, 0x000000009ba00000|  0%| F|  |TAMS 0x000000009b900000, 0x000000009b900000| Untracked 
| 442|0x000000009ba00000, 0x000000009ba00000, 0x000000009bb00000|  0%| F|  |TAMS 0x000000009ba00000, 0x000000009ba00000| Untracked 
| 443|0x000000009bb00000, 0x000000009bb00000, 0x000000009bc00000|  0%| F|  |TAMS 0x000000009bb00000, 0x000000009bb00000| Untracked 
| 444|0x000000009bc00000, 0x000000009bc00000, 0x000000009bd00000|  0%| F|  |TAMS 0x000000009bc00000, 0x000000009bc00000| Untracked 
| 445|0x000000009bd00000, 0x000000009bd00000, 0x000000009be00000|  0%| F|  |TAMS 0x000000009bd00000, 0x000000009bd00000| Untracked 
| 446|0x000000009be00000, 0x000000009be00000, 0x000000009bf00000|  0%| F|  |TAMS 0x000000009be00000, 0x000000009be00000| Untracked 
| 447|0x000000009bf00000, 0x000000009bf00000, 0x000000009c000000|  0%| F|  |TAMS 0x000000009bf00000, 0x000000009bf00000| Untracked 
| 448|0x000000009c000000, 0x000000009c000000, 0x000000009c100000|  0%| F|  |TAMS 0x000000009c000000, 0x000000009c000000| Untracked 
| 449|0x000000009c100000, 0x000000009c100000, 0x000000009c200000|  0%| F|  |TAMS 0x000000009c100000, 0x000000009c100000| Untracked 
| 450|0x000000009c200000, 0x000000009c200000, 0x000000009c300000|  0%| F|  |TAMS 0x000000009c200000, 0x000000009c200000| Untracked 
| 451|0x000000009c300000, 0x000000009c300000, 0x000000009c400000|  0%| F|  |TAMS 0x000000009c300000, 0x000000009c300000| Untracked 
| 452|0x000000009c400000, 0x000000009c400000, 0x000000009c500000|  0%| F|  |TAMS 0x000000009c400000, 0x000000009c400000| Untracked 
| 453|0x000000009c500000, 0x000000009c500000, 0x000000009c600000|  0%| F|  |TAMS 0x000000009c500000, 0x000000009c500000| Untracked 
| 454|0x000000009c600000, 0x000000009c600000, 0x000000009c700000|  0%| F|  |TAMS 0x000000009c600000, 0x000000009c600000| Untracked 
| 455|0x000000009c700000, 0x000000009c700000, 0x000000009c800000|  0%| F|  |TAMS 0x000000009c700000, 0x000000009c700000| Untracked 
| 456|0x000000009c800000, 0x000000009c800000, 0x000000009c900000|  0%| F|  |TAMS 0x000000009c800000, 0x000000009c800000| Untracked 
| 457|0x000000009c900000, 0x000000009c900000, 0x000000009ca00000|  0%| F|  |TAMS 0x000000009c900000, 0x000000009c900000| Untracked 
| 458|0x000000009ca00000, 0x000000009ca00000, 0x000000009cb00000|  0%| F|  |TAMS 0x000000009ca00000, 0x000000009ca00000| Untracked 
| 459|0x000000009cb00000, 0x000000009cb00000, 0x000000009cc00000|  0%| F|  |TAMS 0x000000009cb00000, 0x000000009cb00000| Untracked 
| 460|0x000000009cc00000, 0x000000009cc00000, 0x000000009cd00000|  0%| F|  |TAMS 0x000000009cc00000, 0x000000009cc00000| Untracked 
| 461|0x000000009cd00000, 0x000000009cd00000, 0x000000009ce00000|  0%| F|  |TAMS 0x000000009cd00000, 0x000000009cd00000| Untracked 
| 462|0x000000009ce00000, 0x000000009ce00000, 0x000000009cf00000|  0%| F|  |TAMS 0x000000009ce00000, 0x000000009ce00000| Untracked 
| 463|0x000000009cf00000, 0x000000009cf00000, 0x000000009d000000|  0%| F|  |TAMS 0x000000009cf00000, 0x000000009cf00000| Untracked 
| 464|0x000000009d000000, 0x000000009d000000, 0x000000009d100000|  0%| F|  |TAMS 0x000000009d000000, 0x000000009d000000| Untracked 
| 465|0x000000009d100000, 0x000000009d100000, 0x000000009d200000|  0%| F|  |TAMS 0x000000009d100000, 0x000000009d100000| Untracked 
| 466|0x000000009d200000, 0x000000009d200000, 0x000000009d300000|  0%| F|  |TAMS 0x000000009d200000, 0x000000009d200000| Untracked 
| 467|0x000000009d300000, 0x000000009d300000, 0x000000009d400000|  0%| F|  |TAMS 0x000000009d300000, 0x000000009d300000| Untracked 
| 468|0x000000009d400000, 0x000000009d400000, 0x000000009d500000|  0%| F|  |TAMS 0x000000009d400000, 0x000000009d400000| Untracked 
| 469|0x000000009d500000, 0x000000009d500000, 0x000000009d600000|  0%| F|  |TAMS 0x000000009d500000, 0x000000009d500000| Untracked 
| 470|0x000000009d600000, 0x000000009d600000, 0x000000009d700000|  0%| F|  |TAMS 0x000000009d600000, 0x000000009d600000| Untracked 
| 471|0x000000009d700000, 0x000000009d700000, 0x000000009d800000|  0%| F|  |TAMS 0x000000009d700000, 0x000000009d700000| Untracked 
| 472|0x000000009d800000, 0x000000009d800000, 0x000000009d900000|  0%| F|  |TAMS 0x000000009d800000, 0x000000009d800000| Untracked 
| 473|0x000000009d900000, 0x000000009d900000, 0x000000009da00000|  0%| F|  |TAMS 0x000000009d900000, 0x000000009d900000| Untracked 
| 474|0x000000009da00000, 0x000000009da00000, 0x000000009db00000|  0%| F|  |TAMS 0x000000009da00000, 0x000000009da00000| Untracked 
| 475|0x000000009db00000, 0x000000009db00000, 0x000000009dc00000|  0%| F|  |TAMS 0x000000009db00000, 0x000000009db00000| Untracked 
| 476|0x000000009dc00000, 0x000000009dc00000, 0x000000009dd00000|  0%| F|  |TAMS 0x000000009dc00000, 0x000000009dc00000| Untracked 
| 477|0x000000009dd00000, 0x000000009dd00000, 0x000000009de00000|  0%| F|  |TAMS 0x000000009dd00000, 0x000000009dd00000| Untracked 
| 478|0x000000009de00000, 0x000000009de00000, 0x000000009df00000|  0%| F|  |TAMS 0x000000009de00000, 0x000000009de00000| Untracked 
| 479|0x000000009df00000, 0x000000009df00000, 0x000000009e000000|  0%| F|  |TAMS 0x000000009df00000, 0x000000009df00000| Untracked 
| 480|0x000000009e000000, 0x000000009e000000, 0x000000009e100000|  0%| F|  |TAMS 0x000000009e000000, 0x000000009e000000| Untracked 
| 481|0x000000009e100000, 0x000000009e100000, 0x000000009e200000|  0%| F|  |TAMS 0x000000009e100000, 0x000000009e100000| Untracked 
| 482|0x000000009e200000, 0x000000009e200000, 0x000000009e300000|  0%| F|  |TAMS 0x000000009e200000, 0x000000009e200000| Untracked 
| 483|0x000000009e300000, 0x000000009e300000, 0x000000009e400000|  0%| F|  |TAMS 0x000000009e300000, 0x000000009e300000| Untracked 
| 484|0x000000009e400000, 0x000000009e400000, 0x000000009e500000|  0%| F|  |TAMS 0x000000009e400000, 0x000000009e400000| Untracked 
| 485|0x000000009e500000, 0x000000009e500000, 0x000000009e600000|  0%| F|  |TAMS 0x000000009e500000, 0x000000009e500000| Untracked 
| 486|0x000000009e600000, 0x000000009e600000, 0x000000009e700000|  0%| F|  |TAMS 0x000000009e600000, 0x000000009e600000| Untracked 
| 487|0x000000009e700000, 0x000000009e700000, 0x000000009e800000|  0%| F|  |TAMS 0x000000009e700000, 0x000000009e700000| Untracked 
| 488|0x000000009e800000, 0x000000009e800000, 0x000000009e900000|  0%| F|  |TAMS 0x000000009e800000, 0x000000009e800000| Untracked 
| 489|0x000000009e900000, 0x000000009e900000, 0x000000009ea00000|  0%| F|  |TAMS 0x000000009e900000, 0x000000009e900000| Untracked 
| 490|0x000000009ea00000, 0x000000009ea00000, 0x000000009eb00000|  0%| F|  |TAMS 0x000000009ea00000, 0x000000009ea00000| Untracked 
| 491|0x000000009eb00000, 0x000000009eb00000, 0x000000009ec00000|  0%| F|  |TAMS 0x000000009eb00000, 0x000000009eb00000| Untracked 
| 492|0x000000009ec00000, 0x000000009ec00000, 0x000000009ed00000|  0%| F|  |TAMS 0x000000009ec00000, 0x000000009ec00000| Untracked 
| 493|0x000000009ed00000, 0x000000009ed00000, 0x000000009ee00000|  0%| F|  |TAMS 0x000000009ed00000, 0x000000009ed00000| Untracked 
| 494|0x000000009ee00000, 0x000000009ee00000, 0x000000009ef00000|  0%| F|  |TAMS 0x000000009ee00000, 0x000000009ee00000| Untracked 
| 495|0x000000009ef00000, 0x000000009ef00000, 0x000000009f000000|  0%| F|  |TAMS 0x000000009ef00000, 0x000000009ef00000| Untracked 
| 496|0x000000009f000000, 0x000000009f000000, 0x000000009f100000|  0%| F|  |TAMS 0x000000009f000000, 0x000000009f000000| Untracked 
| 497|0x000000009f100000, 0x000000009f100000, 0x000000009f200000|  0%| F|  |TAMS 0x000000009f100000, 0x000000009f100000| Untracked 
| 498|0x000000009f200000, 0x000000009f200000, 0x000000009f300000|  0%| F|  |TAMS 0x000000009f200000, 0x000000009f200000| Untracked 
| 499|0x000000009f300000, 0x000000009f300000, 0x000000009f400000|  0%| F|  |TAMS 0x000000009f300000, 0x000000009f300000| Untracked 
| 500|0x000000009f400000, 0x000000009f400000, 0x000000009f500000|  0%| F|  |TAMS 0x000000009f400000, 0x000000009f400000| Untracked 
| 501|0x000000009f500000, 0x000000009f500000, 0x000000009f600000|  0%| F|  |TAMS 0x000000009f500000, 0x000000009f500000| Untracked 
| 502|0x000000009f600000, 0x000000009f600000, 0x000000009f700000|  0%| F|  |TAMS 0x000000009f600000, 0x000000009f600000| Untracked 
| 503|0x000000009f700000, 0x000000009f700000, 0x000000009f800000|  0%| F|  |TAMS 0x000000009f700000, 0x000000009f700000| Untracked 
| 504|0x000000009f800000, 0x000000009f800000, 0x000000009f900000|  0%| F|  |TAMS 0x000000009f800000, 0x000000009f800000| Untracked 
| 505|0x000000009f900000, 0x000000009f900000, 0x000000009fa00000|  0%| F|  |TAMS 0x000000009f900000, 0x000000009f900000| Untracked 
| 506|0x000000009fa00000, 0x000000009fa00000, 0x000000009fb00000|  0%| F|  |TAMS 0x000000009fa00000, 0x000000009fa00000| Untracked 
| 507|0x000000009fb00000, 0x000000009fb00000, 0x000000009fc00000|  0%| F|  |TAMS 0x000000009fb00000, 0x000000009fb00000| Untracked 
| 508|0x000000009fc00000, 0x000000009fc00000, 0x000000009fd00000|  0%| F|  |TAMS 0x000000009fc00000, 0x000000009fc00000| Untracked 
| 509|0x000000009fd00000, 0x000000009fd00000, 0x000000009fe00000|  0%| F|  |TAMS 0x000000009fd00000, 0x000000009fd00000| Untracked 
| 510|0x000000009fe00000, 0x000000009fe00000, 0x000000009ff00000|  0%| F|  |TAMS 0x000000009fe00000, 0x000000009fe00000| Untracked 
| 511|0x000000009ff00000, 0x000000009ff00000, 0x00000000a0000000|  0%| F|  |TAMS 0x000000009ff00000, 0x000000009ff00000| Untracked 
| 512|0x00000000a0000000, 0x00000000a0000000, 0x00000000a0100000|  0%| F|  |TAMS 0x00000000a0000000, 0x00000000a0000000| Untracked 
| 513|0x00000000a0100000, 0x00000000a0100000, 0x00000000a0200000|  0%| F|  |TAMS 0x00000000a0100000, 0x00000000a0100000| Untracked 
| 514|0x00000000a0200000, 0x00000000a0200000, 0x00000000a0300000|  0%| F|  |TAMS 0x00000000a0200000, 0x00000000a0200000| Untracked 
| 515|0x00000000a0300000, 0x00000000a0300000, 0x00000000a0400000|  0%| F|  |TAMS 0x00000000a0300000, 0x00000000a0300000| Untracked 
| 516|0x00000000a0400000, 0x00000000a0400000, 0x00000000a0500000|  0%| F|  |TAMS 0x00000000a0400000, 0x00000000a0400000| Untracked 
| 517|0x00000000a0500000, 0x00000000a0500000, 0x00000000a0600000|  0%| F|  |TAMS 0x00000000a0500000, 0x00000000a0500000| Untracked 
| 518|0x00000000a0600000, 0x00000000a0600000, 0x00000000a0700000|  0%| F|  |TAMS 0x00000000a0600000, 0x00000000a0600000| Untracked 
| 519|0x00000000a0700000, 0x00000000a0700000, 0x00000000a0800000|  0%| F|  |TAMS 0x00000000a0700000, 0x00000000a0700000| Untracked 
| 520|0x00000000a0800000, 0x00000000a0800000, 0x00000000a0900000|  0%| F|  |TAMS 0x00000000a0800000, 0x00000000a0800000| Untracked 
| 521|0x00000000a0900000, 0x00000000a0900000, 0x00000000a0a00000|  0%| F|  |TAMS 0x00000000a0900000, 0x00000000a0900000| Untracked 
| 522|0x00000000a0a00000, 0x00000000a0a00000, 0x00000000a0b00000|  0%| F|  |TAMS 0x00000000a0a00000, 0x00000000a0a00000| Untracked 
| 523|0x00000000a0b00000, 0x00000000a0b00000, 0x00000000a0c00000|  0%| F|  |TAMS 0x00000000a0b00000, 0x00000000a0b00000| Untracked 
| 524|0x00000000a0c00000, 0x00000000a0c00000, 0x00000000a0d00000|  0%| F|  |TAMS 0x00000000a0c00000, 0x00000000a0c00000| Untracked 
| 525|0x00000000a0d00000, 0x00000000a0d00000, 0x00000000a0e00000|  0%| F|  |TAMS 0x00000000a0d00000, 0x00000000a0d00000| Untracked 
| 526|0x00000000a0e00000, 0x00000000a0e00000, 0x00000000a0f00000|  0%| F|  |TAMS 0x00000000a0e00000, 0x00000000a0e00000| Untracked 
| 527|0x00000000a0f00000, 0x00000000a0f00000, 0x00000000a1000000|  0%| F|  |TAMS 0x00000000a0f00000, 0x00000000a0f00000| Untracked 
| 528|0x00000000a1000000, 0x00000000a1000000, 0x00000000a1100000|  0%| F|  |TAMS 0x00000000a1000000, 0x00000000a1000000| Untracked 
| 529|0x00000000a1100000, 0x00000000a1100000, 0x00000000a1200000|  0%| F|  |TAMS 0x00000000a1100000, 0x00000000a1100000| Untracked 
| 530|0x00000000a1200000, 0x00000000a1200000, 0x00000000a1300000|  0%| F|  |TAMS 0x00000000a1200000, 0x00000000a1200000| Untracked 
| 531|0x00000000a1300000, 0x00000000a1300000, 0x00000000a1400000|  0%| F|  |TAMS 0x00000000a1300000, 0x00000000a1300000| Untracked 
| 532|0x00000000a1400000, 0x00000000a1400000, 0x00000000a1500000|  0%| F|  |TAMS 0x00000000a1400000, 0x00000000a1400000| Untracked 
| 533|0x00000000a1500000, 0x00000000a1500000, 0x00000000a1600000|  0%| F|  |TAMS 0x00000000a1500000, 0x00000000a1500000| Untracked 
| 534|0x00000000a1600000, 0x00000000a1600000, 0x00000000a1700000|  0%| F|  |TAMS 0x00000000a1600000, 0x00000000a1600000| Untracked 
| 535|0x00000000a1700000, 0x00000000a1700000, 0x00000000a1800000|  0%| F|  |TAMS 0x00000000a1700000, 0x00000000a1700000| Untracked 
| 536|0x00000000a1800000, 0x00000000a1800000, 0x00000000a1900000|  0%| F|  |TAMS 0x00000000a1800000, 0x00000000a1800000| Untracked 
| 537|0x00000000a1900000, 0x00000000a1900000, 0x00000000a1a00000|  0%| F|  |TAMS 0x00000000a1900000, 0x00000000a1900000| Untracked 
| 538|0x00000000a1a00000, 0x00000000a1a00000, 0x00000000a1b00000|  0%| F|  |TAMS 0x00000000a1a00000, 0x00000000a1a00000| Untracked 
| 539|0x00000000a1b00000, 0x00000000a1b00000, 0x00000000a1c00000|  0%| F|  |TAMS 0x00000000a1b00000, 0x00000000a1b00000| Untracked 
| 540|0x00000000a1c00000, 0x00000000a1c00000, 0x00000000a1d00000|  0%| F|  |TAMS 0x00000000a1c00000, 0x00000000a1c00000| Untracked 
| 541|0x00000000a1d00000, 0x00000000a1d00000, 0x00000000a1e00000|  0%| F|  |TAMS 0x00000000a1d00000, 0x00000000a1d00000| Untracked 
| 542|0x00000000a1e00000, 0x00000000a1e00000, 0x00000000a1f00000|  0%| F|  |TAMS 0x00000000a1e00000, 0x00000000a1e00000| Untracked 
| 543|0x00000000a1f00000, 0x00000000a1f00000, 0x00000000a2000000|  0%| F|  |TAMS 0x00000000a1f00000, 0x00000000a1f00000| Untracked 
| 544|0x00000000a2000000, 0x00000000a2000000, 0x00000000a2100000|  0%| F|  |TAMS 0x00000000a2000000, 0x00000000a2000000| Untracked 
| 545|0x00000000a2100000, 0x00000000a2100000, 0x00000000a2200000|  0%| F|  |TAMS 0x00000000a2100000, 0x00000000a2100000| Untracked 
| 546|0x00000000a2200000, 0x00000000a2200000, 0x00000000a2300000|  0%| F|  |TAMS 0x00000000a2200000, 0x00000000a2200000| Untracked 
| 547|0x00000000a2300000, 0x00000000a2300000, 0x00000000a2400000|  0%| F|  |TAMS 0x00000000a2300000, 0x00000000a2300000| Untracked 
| 548|0x00000000a2400000, 0x00000000a2400000, 0x00000000a2500000|  0%| F|  |TAMS 0x00000000a2400000, 0x00000000a2400000| Untracked 
| 549|0x00000000a2500000, 0x00000000a2500000, 0x00000000a2600000|  0%| F|  |TAMS 0x00000000a2500000, 0x00000000a2500000| Untracked 
| 550|0x00000000a2600000, 0x00000000a2600000, 0x00000000a2700000|  0%| F|  |TAMS 0x00000000a2600000, 0x00000000a2600000| Untracked 
| 551|0x00000000a2700000, 0x00000000a2700000, 0x00000000a2800000|  0%| F|  |TAMS 0x00000000a2700000, 0x00000000a2700000| Untracked 
| 552|0x00000000a2800000, 0x00000000a2800000, 0x00000000a2900000|  0%| F|  |TAMS 0x00000000a2800000, 0x00000000a2800000| Untracked 
| 553|0x00000000a2900000, 0x00000000a2900000, 0x00000000a2a00000|  0%| F|  |TAMS 0x00000000a2900000, 0x00000000a2900000| Untracked 
| 554|0x00000000a2a00000, 0x00000000a2a00000, 0x00000000a2b00000|  0%| F|  |TAMS 0x00000000a2a00000, 0x00000000a2a00000| Untracked 
| 555|0x00000000a2b00000, 0x00000000a2b00000, 0x00000000a2c00000|  0%| F|  |TAMS 0x00000000a2b00000, 0x00000000a2b00000| Untracked 
| 556|0x00000000a2c00000, 0x00000000a2c00000, 0x00000000a2d00000|  0%| F|  |TAMS 0x00000000a2c00000, 0x00000000a2c00000| Untracked 
| 557|0x00000000a2d00000, 0x00000000a2d00000, 0x00000000a2e00000|  0%| F|  |TAMS 0x00000000a2d00000, 0x00000000a2d00000| Untracked 
| 558|0x00000000a2e00000, 0x00000000a2e00000, 0x00000000a2f00000|  0%| F|  |TAMS 0x00000000a2e00000, 0x00000000a2e00000| Untracked 
| 559|0x00000000a2f00000, 0x00000000a2f00000, 0x00000000a3000000|  0%| F|  |TAMS 0x00000000a2f00000, 0x00000000a2f00000| Untracked 
| 560|0x00000000a3000000, 0x00000000a3000000, 0x00000000a3100000|  0%| F|  |TAMS 0x00000000a3000000, 0x00000000a3000000| Untracked 
| 561|0x00000000a3100000, 0x00000000a3100000, 0x00000000a3200000|  0%| F|  |TAMS 0x00000000a3100000, 0x00000000a3100000| Untracked 
| 562|0x00000000a3200000, 0x00000000a3200000, 0x00000000a3300000|  0%| F|  |TAMS 0x00000000a3200000, 0x00000000a3200000| Untracked 
| 563|0x00000000a3300000, 0x00000000a3300000, 0x00000000a3400000|  0%| F|  |TAMS 0x00000000a3300000, 0x00000000a3300000| Untracked 
| 564|0x00000000a3400000, 0x00000000a3400000, 0x00000000a3500000|  0%| F|  |TAMS 0x00000000a3400000, 0x00000000a3400000| Untracked 
| 565|0x00000000a3500000, 0x00000000a3500000, 0x00000000a3600000|  0%| F|  |TAMS 0x00000000a3500000, 0x00000000a3500000| Untracked 
| 566|0x00000000a3600000, 0x00000000a3600000, 0x00000000a3700000|  0%| F|  |TAMS 0x00000000a3600000, 0x00000000a3600000| Untracked 
| 567|0x00000000a3700000, 0x00000000a3700000, 0x00000000a3800000|  0%| F|  |TAMS 0x00000000a3700000, 0x00000000a3700000| Untracked 
| 568|0x00000000a3800000, 0x00000000a3800000, 0x00000000a3900000|  0%| F|  |TAMS 0x00000000a3800000, 0x00000000a3800000| Untracked 
| 569|0x00000000a3900000, 0x00000000a3900000, 0x00000000a3a00000|  0%| F|  |TAMS 0x00000000a3900000, 0x00000000a3900000| Untracked 
| 570|0x00000000a3a00000, 0x00000000a3a00000, 0x00000000a3b00000|  0%| F|  |TAMS 0x00000000a3a00000, 0x00000000a3a00000| Untracked 
| 571|0x00000000a3b00000, 0x00000000a3b00000, 0x00000000a3c00000|  0%| F|  |TAMS 0x00000000a3b00000, 0x00000000a3b00000| Untracked 
| 572|0x00000000a3c00000, 0x00000000a3c00000, 0x00000000a3d00000|  0%| F|  |TAMS 0x00000000a3c00000, 0x00000000a3c00000| Untracked 
| 573|0x00000000a3d00000, 0x00000000a3d00000, 0x00000000a3e00000|  0%| F|  |TAMS 0x00000000a3d00000, 0x00000000a3d00000| Untracked 
| 574|0x00000000a3e00000, 0x00000000a3e00000, 0x00000000a3f00000|  0%| F|  |TAMS 0x00000000a3e00000, 0x00000000a3e00000| Untracked 
| 575|0x00000000a3f00000, 0x00000000a3f00000, 0x00000000a4000000|  0%| F|  |TAMS 0x00000000a3f00000, 0x00000000a3f00000| Untracked 
| 576|0x00000000a4000000, 0x00000000a4000000, 0x00000000a4100000|  0%| F|  |TAMS 0x00000000a4000000, 0x00000000a4000000| Untracked 
| 577|0x00000000a4100000, 0x00000000a4100000, 0x00000000a4200000|  0%| F|  |TAMS 0x00000000a4100000, 0x00000000a4100000| Untracked 
| 578|0x00000000a4200000, 0x00000000a4200000, 0x00000000a4300000|  0%| F|  |TAMS 0x00000000a4200000, 0x00000000a4200000| Untracked 
| 579|0x00000000a4300000, 0x00000000a4300000, 0x00000000a4400000|  0%| F|  |TAMS 0x00000000a4300000, 0x00000000a4300000| Untracked 
| 580|0x00000000a4400000, 0x00000000a4400000, 0x00000000a4500000|  0%| F|  |TAMS 0x00000000a4400000, 0x00000000a4400000| Untracked 
| 581|0x00000000a4500000, 0x00000000a4500000, 0x00000000a4600000|  0%| F|  |TAMS 0x00000000a4500000, 0x00000000a4500000| Untracked 
| 582|0x00000000a4600000, 0x00000000a4600000, 0x00000000a4700000|  0%| F|  |TAMS 0x00000000a4600000, 0x00000000a4600000| Untracked 
| 583|0x00000000a4700000, 0x00000000a4787678, 0x00000000a4800000| 52%| E|  |TAMS 0x00000000a4700000, 0x00000000a4700000| Complete 
| 584|0x00000000a4800000, 0x00000000a4900000, 0x00000000a4900000|100%| E|CS|TAMS 0x00000000a4800000, 0x00000000a4800000| Complete 
| 585|0x00000000a4900000, 0x00000000a4a00000, 0x00000000a4a00000|100%| E|CS|TAMS 0x00000000a4900000, 0x00000000a4900000| Complete 
| 586|0x00000000a4a00000, 0x00000000a4b00000, 0x00000000a4b00000|100%| E|CS|TAMS 0x00000000a4a00000, 0x00000000a4a00000| Complete 
| 587|0x00000000a4b00000, 0x00000000a4c00000, 0x00000000a4c00000|100%| E|CS|TAMS 0x00000000a4b00000, 0x00000000a4b00000| Complete 
| 588|0x00000000a4c00000, 0x00000000a4d00000, 0x00000000a4d00000|100%| E|CS|TAMS 0x00000000a4c00000, 0x00000000a4c00000| Complete 
| 589|0x00000000a4d00000, 0x00000000a4e00000, 0x00000000a4e00000|100%| E|CS|TAMS 0x00000000a4d00000, 0x00000000a4d00000| Complete 
| 590|0x00000000a4e00000, 0x00000000a4f00000, 0x00000000a4f00000|100%| E|CS|TAMS 0x00000000a4e00000, 0x00000000a4e00000| Complete 
| 591|0x00000000a4f00000, 0x00000000a5000000, 0x00000000a5000000|100%| E|CS|TAMS 0x00000000a4f00000, 0x00000000a4f00000| Complete 
| 592|0x00000000a5000000, 0x00000000a5100000, 0x00000000a5100000|100%| E|CS|TAMS 0x00000000a5000000, 0x00000000a5000000| Complete 
| 593|0x00000000a5100000, 0x00000000a5200000, 0x00000000a5200000|100%| E|CS|TAMS 0x00000000a5100000, 0x00000000a5100000| Complete 
| 594|0x00000000a5200000, 0x00000000a5300000, 0x00000000a5300000|100%| E|CS|TAMS 0x00000000a5200000, 0x00000000a5200000| Complete 
| 595|0x00000000a5300000, 0x00000000a5400000, 0x00000000a5400000|100%| E|CS|TAMS 0x00000000a5300000, 0x00000000a5300000| Complete 
| 596|0x00000000a5400000, 0x00000000a5500000, 0x00000000a5500000|100%| E|CS|TAMS 0x00000000a5400000, 0x00000000a5400000| Complete 
| 597|0x00000000a5500000, 0x00000000a5600000, 0x00000000a5600000|100%| E|CS|TAMS 0x00000000a5500000, 0x00000000a5500000| Complete 
| 598|0x00000000a5600000, 0x00000000a5700000, 0x00000000a5700000|100%| E|  |TAMS 0x00000000a5600000, 0x00000000a5600000| Complete 
| 599|0x00000000a5700000, 0x00000000a5800000, 0x00000000a5800000|100%| E|CS|TAMS 0x00000000a5700000, 0x00000000a5700000| Complete 
| 600|0x00000000a5800000, 0x00000000a5900000, 0x00000000a5900000|100%| E|CS|TAMS 0x00000000a5800000, 0x00000000a5800000| Complete 
| 601|0x00000000a5900000, 0x00000000a5a00000, 0x00000000a5a00000|100%| E|CS|TAMS 0x00000000a5900000, 0x00000000a5900000| Complete 
| 602|0x00000000a5a00000, 0x00000000a5b00000, 0x00000000a5b00000|100%| E|CS|TAMS 0x00000000a5a00000, 0x00000000a5a00000| Complete 
| 603|0x00000000a5b00000, 0x00000000a5c00000, 0x00000000a5c00000|100%| E|CS|TAMS 0x00000000a5b00000, 0x00000000a5b00000| Complete 
| 604|0x00000000a5c00000, 0x00000000a5d00000, 0x00000000a5d00000|100%| E|CS|TAMS 0x00000000a5c00000, 0x00000000a5c00000| Complete 
| 605|0x00000000a5d00000, 0x00000000a5e00000, 0x00000000a5e00000|100%| E|CS|TAMS 0x00000000a5d00000, 0x00000000a5d00000| Complete 
| 606|0x00000000a5e00000, 0x00000000a5f00000, 0x00000000a5f00000|100%| E|CS|TAMS 0x00000000a5e00000, 0x00000000a5e00000| Complete 
| 607|0x00000000a5f00000, 0x00000000a6000000, 0x00000000a6000000|100%| E|CS|TAMS 0x00000000a5f00000, 0x00000000a5f00000| Complete 
| 608|0x00000000a6000000, 0x00000000a60ffff8, 0x00000000a6100000| 99%| E|CS|TAMS 0x00000000a6000000, 0x00000000a6000000| Complete 
| 609|0x00000000a6100000, 0x00000000a6200000, 0x00000000a6200000|100%| E|CS|TAMS 0x00000000a6100000, 0x00000000a6100000| Complete 
| 610|0x00000000a6200000, 0x00000000a6300000, 0x00000000a6300000|100%| E|CS|TAMS 0x00000000a6200000, 0x00000000a6200000| Complete 
| 611|0x00000000a6300000, 0x00000000a6400000, 0x00000000a6400000|100%| E|CS|TAMS 0x00000000a6300000, 0x00000000a6300000| Complete 
| 612|0x00000000a6400000, 0x00000000a6500000, 0x00000000a6500000|100%| E|CS|TAMS 0x00000000a6400000, 0x00000000a6400000| Complete 
| 613|0x00000000a6500000, 0x00000000a6600000, 0x00000000a6600000|100%| E|CS|TAMS 0x00000000a6500000, 0x00000000a6500000| Complete 
| 614|0x00000000a6600000, 0x00000000a6700000, 0x00000000a6700000|100%| E|CS|TAMS 0x00000000a6600000, 0x00000000a6600000| Complete 
| 615|0x00000000a6700000, 0x00000000a6800000, 0x00000000a6800000|100%| E|CS|TAMS 0x00000000a6700000, 0x00000000a6700000| Complete 
| 616|0x00000000a6800000, 0x00000000a6900000, 0x00000000a6900000|100%| E|CS|TAMS 0x00000000a6800000, 0x00000000a6800000| Complete 
| 617|0x00000000a6900000, 0x00000000a6a00000, 0x00000000a6a00000|100%| E|CS|TAMS 0x00000000a6900000, 0x00000000a6900000| Complete 
| 618|0x00000000a6a00000, 0x00000000a6b00000, 0x00000000a6b00000|100%| E|CS|TAMS 0x00000000a6a00000, 0x00000000a6a00000| Complete 
| 619|0x00000000a6b00000, 0x00000000a6c00000, 0x00000000a6c00000|100%| E|CS|TAMS 0x00000000a6b00000, 0x00000000a6b00000| Complete 
| 620|0x00000000a6c00000, 0x00000000a6d00000, 0x00000000a6d00000|100%| E|CS|TAMS 0x00000000a6c00000, 0x00000000a6c00000| Complete 
| 621|0x00000000a6d00000, 0x00000000a6e00000, 0x00000000a6e00000|100%| E|CS|TAMS 0x00000000a6d00000, 0x00000000a6d00000| Complete 
| 622|0x00000000a6e00000, 0x00000000a6f00000, 0x00000000a6f00000|100%| E|CS|TAMS 0x00000000a6e00000, 0x00000000a6e00000| Complete 
| 623|0x00000000a6f00000, 0x00000000a7000000, 0x00000000a7000000|100%| E|CS|TAMS 0x00000000a6f00000, 0x00000000a6f00000| Complete 
| 624|0x00000000a7000000, 0x00000000a7100000, 0x00000000a7100000|100%| E|CS|TAMS 0x00000000a7000000, 0x00000000a7000000| Complete 
| 625|0x00000000a7100000, 0x00000000a7200000, 0x00000000a7200000|100%| E|CS|TAMS 0x00000000a7100000, 0x00000000a7100000| Complete 
| 626|0x00000000a7200000, 0x00000000a7300000, 0x00000000a7300000|100%| E|CS|TAMS 0x00000000a7200000, 0x00000000a7200000| Complete 
| 627|0x00000000a7300000, 0x00000000a7400000, 0x00000000a7400000|100%| E|CS|TAMS 0x00000000a7300000, 0x00000000a7300000| Complete 
| 628|0x00000000a7400000, 0x00000000a7500000, 0x00000000a7500000|100%| E|CS|TAMS 0x00000000a7400000, 0x00000000a7400000| Complete 
| 629|0x00000000a7500000, 0x00000000a7600000, 0x00000000a7600000|100%| E|CS|TAMS 0x00000000a7500000, 0x00000000a7500000| Complete 
| 630|0x00000000a7600000, 0x00000000a7700000, 0x00000000a7700000|100%| E|CS|TAMS 0x00000000a7600000, 0x00000000a7600000| Complete 
| 631|0x00000000a7700000, 0x00000000a7800000, 0x00000000a7800000|100%| E|CS|TAMS 0x00000000a7700000, 0x00000000a7700000| Complete 
| 632|0x00000000a7800000, 0x00000000a7900000, 0x00000000a7900000|100%| E|CS|TAMS 0x00000000a7800000, 0x00000000a7800000| Complete 
| 633|0x00000000a7900000, 0x00000000a7a00000, 0x00000000a7a00000|100%| E|CS|TAMS 0x00000000a7900000, 0x00000000a7900000| Complete 
| 634|0x00000000a7a00000, 0x00000000a7b00000, 0x00000000a7b00000|100%| E|CS|TAMS 0x00000000a7a00000, 0x00000000a7a00000| Complete 
| 635|0x00000000a7b00000, 0x00000000a7c00000, 0x00000000a7c00000|100%| E|CS|TAMS 0x00000000a7b00000, 0x00000000a7b00000| Complete 
| 636|0x00000000a7c00000, 0x00000000a7d00000, 0x00000000a7d00000|100%| E|CS|TAMS 0x00000000a7c00000, 0x00000000a7c00000| Complete 
| 637|0x00000000a7d00000, 0x00000000a7e00000, 0x00000000a7e00000|100%| E|CS|TAMS 0x00000000a7d00000, 0x00000000a7d00000| Complete 
| 638|0x00000000a7e00000, 0x00000000a7f00000, 0x00000000a7f00000|100%| E|CS|TAMS 0x00000000a7e00000, 0x00000000a7e00000| Complete 
| 639|0x00000000a7f00000, 0x00000000a8000000, 0x00000000a8000000|100%| E|CS|TAMS 0x00000000a7f00000, 0x00000000a7f00000| Complete 
| 640|0x00000000a8000000, 0x00000000a8100000, 0x00000000a8100000|100%| E|CS|TAMS 0x00000000a8000000, 0x00000000a8000000| Complete 
| 641|0x00000000a8100000, 0x00000000a8200000, 0x00000000a8200000|100%| E|CS|TAMS 0x00000000a8100000, 0x00000000a8100000| Complete 
| 642|0x00000000a8200000, 0x00000000a8300000, 0x00000000a8300000|100%| E|CS|TAMS 0x00000000a8200000, 0x00000000a8200000| Complete 
| 643|0x00000000a8300000, 0x00000000a8400000, 0x00000000a8400000|100%| E|CS|TAMS 0x00000000a8300000, 0x00000000a8300000| Complete 
| 644|0x00000000a8400000, 0x00000000a8500000, 0x00000000a8500000|100%| E|CS|TAMS 0x00000000a8400000, 0x00000000a8400000| Complete 
| 645|0x00000000a8500000, 0x00000000a8600000, 0x00000000a8600000|100%| E|CS|TAMS 0x00000000a8500000, 0x00000000a8500000| Complete 
| 646|0x00000000a8600000, 0x00000000a8700000, 0x00000000a8700000|100%| E|CS|TAMS 0x00000000a8600000, 0x00000000a8600000| Complete 
| 647|0x00000000a8700000, 0x00000000a8800000, 0x00000000a8800000|100%| E|CS|TAMS 0x00000000a8700000, 0x00000000a8700000| Complete 
| 648|0x00000000a8800000, 0x00000000a8900000, 0x00000000a8900000|100%| E|CS|TAMS 0x00000000a8800000, 0x00000000a8800000| Complete 
| 649|0x00000000a8900000, 0x00000000a8a00000, 0x00000000a8a00000|100%| E|CS|TAMS 0x00000000a8900000, 0x00000000a8900000| Complete 
| 650|0x00000000a8a00000, 0x00000000a8b00000, 0x00000000a8b00000|100%| E|CS|TAMS 0x00000000a8a00000, 0x00000000a8a00000| Complete 
| 651|0x00000000a8b00000, 0x00000000a8c00000, 0x00000000a8c00000|100%| E|CS|TAMS 0x00000000a8b00000, 0x00000000a8b00000| Complete 
| 652|0x00000000a8c00000, 0x00000000a8d00000, 0x00000000a8d00000|100%| E|CS|TAMS 0x00000000a8c00000, 0x00000000a8c00000| Complete 
| 653|0x00000000a8d00000, 0x00000000a8e00000, 0x00000000a8e00000|100%| E|CS|TAMS 0x00000000a8d00000, 0x00000000a8d00000| Complete 
| 654|0x00000000a8e00000, 0x00000000a8f00000, 0x00000000a8f00000|100%| E|CS|TAMS 0x00000000a8e00000, 0x00000000a8e00000| Complete 
| 655|0x00000000a8f00000, 0x00000000a9000000, 0x00000000a9000000|100%| E|CS|TAMS 0x00000000a8f00000, 0x00000000a8f00000| Complete 
| 656|0x00000000a9000000, 0x00000000a9100000, 0x00000000a9100000|100%| E|CS|TAMS 0x00000000a9000000, 0x00000000a9000000| Complete 
| 657|0x00000000a9100000, 0x00000000a9200000, 0x00000000a9200000|100%| E|CS|TAMS 0x00000000a9100000, 0x00000000a9100000| Complete 
| 658|0x00000000a9200000, 0x00000000a9300000, 0x00000000a9300000|100%| E|CS|TAMS 0x00000000a9200000, 0x00000000a9200000| Complete 
| 659|0x00000000a9300000, 0x00000000a9400000, 0x00000000a9400000|100%| E|CS|TAMS 0x00000000a9300000, 0x00000000a9300000| Complete 
| 660|0x00000000a9400000, 0x00000000a9500000, 0x00000000a9500000|100%| E|CS|TAMS 0x00000000a9400000, 0x00000000a9400000| Complete 
| 661|0x00000000a9500000, 0x00000000a9600000, 0x00000000a9600000|100%| E|CS|TAMS 0x00000000a9500000, 0x00000000a9500000| Complete 
| 662|0x00000000a9600000, 0x00000000a9700000, 0x00000000a9700000|100%| E|CS|TAMS 0x00000000a9600000, 0x00000000a9600000| Complete 
| 663|0x00000000a9700000, 0x00000000a9800000, 0x00000000a9800000|100%| E|CS|TAMS 0x00000000a9700000, 0x00000000a9700000| Complete 
| 664|0x00000000a9800000, 0x00000000a9900000, 0x00000000a9900000|100%| E|CS|TAMS 0x00000000a9800000, 0x00000000a9800000| Complete 
| 665|0x00000000a9900000, 0x00000000a9a00000, 0x00000000a9a00000|100%| E|CS|TAMS 0x00000000a9900000, 0x00000000a9900000| Complete 
| 666|0x00000000a9a00000, 0x00000000a9b00000, 0x00000000a9b00000|100%| E|CS|TAMS 0x00000000a9a00000, 0x00000000a9a00000| Complete 
| 667|0x00000000a9b00000, 0x00000000a9c00000, 0x00000000a9c00000|100%| E|CS|TAMS 0x00000000a9b00000, 0x00000000a9b00000| Complete 
| 668|0x00000000a9c00000, 0x00000000a9d00000, 0x00000000a9d00000|100%| E|CS|TAMS 0x00000000a9c00000, 0x00000000a9c00000| Complete 
| 669|0x00000000a9d00000, 0x00000000a9e00000, 0x00000000a9e00000|100%| E|CS|TAMS 0x00000000a9d00000, 0x00000000a9d00000| Complete 
| 670|0x00000000a9e00000, 0x00000000a9f00000, 0x00000000a9f00000|100%| E|CS|TAMS 0x00000000a9e00000, 0x00000000a9e00000| Complete 
| 671|0x00000000a9f00000, 0x00000000aa000000, 0x00000000aa000000|100%| E|CS|TAMS 0x00000000a9f00000, 0x00000000a9f00000| Complete 
| 672|0x00000000aa000000, 0x00000000aa100000, 0x00000000aa100000|100%| E|CS|TAMS 0x00000000aa000000, 0x00000000aa000000| Complete 
| 673|0x00000000aa100000, 0x00000000aa200000, 0x00000000aa200000|100%| E|CS|TAMS 0x00000000aa100000, 0x00000000aa100000| Complete 
| 674|0x00000000aa200000, 0x00000000aa300000, 0x00000000aa300000|100%| E|CS|TAMS 0x00000000aa200000, 0x00000000aa200000| Complete 
| 675|0x00000000aa300000, 0x00000000aa400000, 0x00000000aa400000|100%| E|CS|TAMS 0x00000000aa300000, 0x00000000aa300000| Complete 
| 676|0x00000000aa400000, 0x00000000aa500000, 0x00000000aa500000|100%| E|CS|TAMS 0x00000000aa400000, 0x00000000aa400000| Complete 
| 677|0x00000000aa500000, 0x00000000aa600000, 0x00000000aa600000|100%| E|CS|TAMS 0x00000000aa500000, 0x00000000aa500000| Complete 
| 678|0x00000000aa600000, 0x00000000aa700000, 0x00000000aa700000|100%| E|CS|TAMS 0x00000000aa600000, 0x00000000aa600000| Complete 
| 679|0x00000000aa700000, 0x00000000aa800000, 0x00000000aa800000|100%| E|CS|TAMS 0x00000000aa700000, 0x00000000aa700000| Complete 
| 680|0x00000000aa800000, 0x00000000aa900000, 0x00000000aa900000|100%| E|CS|TAMS 0x00000000aa800000, 0x00000000aa800000| Complete 
| 681|0x00000000aa900000, 0x00000000aaa00000, 0x00000000aaa00000|100%| E|CS|TAMS 0x00000000aa900000, 0x00000000aa900000| Complete 
| 682|0x00000000aaa00000, 0x00000000aab00000, 0x00000000aab00000|100%| E|CS|TAMS 0x00000000aaa00000, 0x00000000aaa00000| Complete 
| 683|0x00000000aab00000, 0x00000000aac00000, 0x00000000aac00000|100%| E|CS|TAMS 0x00000000aab00000, 0x00000000aab00000| Complete 
| 684|0x00000000aac00000, 0x00000000aad00000, 0x00000000aad00000|100%| E|CS|TAMS 0x00000000aac00000, 0x00000000aac00000| Complete 
| 685|0x00000000aad00000, 0x00000000aae00000, 0x00000000aae00000|100%| E|CS|TAMS 0x00000000aad00000, 0x00000000aad00000| Complete 
| 686|0x00000000aae00000, 0x00000000aaf00000, 0x00000000aaf00000|100%| E|CS|TAMS 0x00000000aae00000, 0x00000000aae00000| Complete 
| 687|0x00000000aaf00000, 0x00000000ab000000, 0x00000000ab000000|100%| E|CS|TAMS 0x00000000aaf00000, 0x00000000aaf00000| Complete 
| 688|0x00000000ab000000, 0x00000000ab100000, 0x00000000ab100000|100%| E|CS|TAMS 0x00000000ab000000, 0x00000000ab000000| Complete 
| 689|0x00000000ab100000, 0x00000000ab200000, 0x00000000ab200000|100%| E|CS|TAMS 0x00000000ab100000, 0x00000000ab100000| Complete 
| 690|0x00000000ab200000, 0x00000000ab300000, 0x00000000ab300000|100%| E|CS|TAMS 0x00000000ab200000, 0x00000000ab200000| Complete 
| 691|0x00000000ab300000, 0x00000000ab400000, 0x00000000ab400000|100%| E|CS|TAMS 0x00000000ab300000, 0x00000000ab300000| Complete 
| 692|0x00000000ab400000, 0x00000000ab500000, 0x00000000ab500000|100%| E|CS|TAMS 0x00000000ab400000, 0x00000000ab400000| Complete 
| 693|0x00000000ab500000, 0x00000000ab600000, 0x00000000ab600000|100%| E|CS|TAMS 0x00000000ab500000, 0x00000000ab500000| Complete 
| 694|0x00000000ab600000, 0x00000000ab700000, 0x00000000ab700000|100%| E|CS|TAMS 0x00000000ab600000, 0x00000000ab600000| Complete 
| 695|0x00000000ab700000, 0x00000000ab800000, 0x00000000ab800000|100%| E|CS|TAMS 0x00000000ab700000, 0x00000000ab700000| Complete 
| 696|0x00000000ab800000, 0x00000000ab900000, 0x00000000ab900000|100%| E|CS|TAMS 0x00000000ab800000, 0x00000000ab800000| Complete 
| 697|0x00000000ab900000, 0x00000000aba00000, 0x00000000aba00000|100%| E|CS|TAMS 0x00000000ab900000, 0x00000000ab900000| Complete 
| 698|0x00000000aba00000, 0x00000000abb00000, 0x00000000abb00000|100%| E|CS|TAMS 0x00000000aba00000, 0x00000000aba00000| Complete 
| 699|0x00000000abb00000, 0x00000000abc00000, 0x00000000abc00000|100%| E|CS|TAMS 0x00000000abb00000, 0x00000000abb00000| Complete 
| 700|0x00000000abc00000, 0x00000000abd00000, 0x00000000abd00000|100%| E|CS|TAMS 0x00000000abc00000, 0x00000000abc00000| Complete 
| 701|0x00000000abd00000, 0x00000000abe00000, 0x00000000abe00000|100%| E|CS|TAMS 0x00000000abd00000, 0x00000000abd00000| Complete 
| 702|0x00000000abe00000, 0x00000000abf00000, 0x00000000abf00000|100%| E|CS|TAMS 0x00000000abe00000, 0x00000000abe00000| Complete 
| 703|0x00000000abf00000, 0x00000000ac000000, 0x00000000ac000000|100%| E|CS|TAMS 0x00000000abf00000, 0x00000000abf00000| Complete 
| 704|0x00000000ac000000, 0x00000000ac100000, 0x00000000ac100000|100%| E|CS|TAMS 0x00000000ac000000, 0x00000000ac000000| Complete 
| 705|0x00000000ac100000, 0x00000000ac200000, 0x00000000ac200000|100%| E|CS|TAMS 0x00000000ac100000, 0x00000000ac100000| Complete 
| 706|0x00000000ac200000, 0x00000000ac300000, 0x00000000ac300000|100%| E|CS|TAMS 0x00000000ac200000, 0x00000000ac200000| Complete 
| 707|0x00000000ac300000, 0x00000000ac400000, 0x00000000ac400000|100%| E|CS|TAMS 0x00000000ac300000, 0x00000000ac300000| Complete 
| 708|0x00000000ac400000, 0x00000000ac500000, 0x00000000ac500000|100%| E|CS|TAMS 0x00000000ac400000, 0x00000000ac400000| Complete 
| 709|0x00000000ac500000, 0x00000000ac600000, 0x00000000ac600000|100%| E|CS|TAMS 0x00000000ac500000, 0x00000000ac500000| Complete 
| 710|0x00000000ac600000, 0x00000000ac700000, 0x00000000ac700000|100%| E|CS|TAMS 0x00000000ac600000, 0x00000000ac600000| Complete 
| 711|0x00000000ac700000, 0x00000000ac800000, 0x00000000ac800000|100%| E|CS|TAMS 0x00000000ac700000, 0x00000000ac700000| Complete 
| 712|0x00000000ac800000, 0x00000000ac900000, 0x00000000ac900000|100%| E|CS|TAMS 0x00000000ac800000, 0x00000000ac800000| Complete 
| 713|0x00000000ac900000, 0x00000000aca00000, 0x00000000aca00000|100%| E|CS|TAMS 0x00000000ac900000, 0x00000000ac900000| Complete 
| 714|0x00000000aca00000, 0x00000000acb00000, 0x00000000acb00000|100%| E|CS|TAMS 0x00000000aca00000, 0x00000000aca00000| Complete 
| 715|0x00000000acb00000, 0x00000000acc00000, 0x00000000acc00000|100%| E|CS|TAMS 0x00000000acb00000, 0x00000000acb00000| Complete 
| 716|0x00000000acc00000, 0x00000000acd00000, 0x00000000acd00000|100%| E|CS|TAMS 0x00000000acc00000, 0x00000000acc00000| Complete 
| 717|0x00000000acd00000, 0x00000000ace00000, 0x00000000ace00000|100%| E|CS|TAMS 0x00000000acd00000, 0x00000000acd00000| Complete 
| 718|0x00000000ace00000, 0x00000000acf00000, 0x00000000acf00000|100%| E|CS|TAMS 0x00000000ace00000, 0x00000000ace00000| Complete 
| 719|0x00000000acf00000, 0x00000000ad000000, 0x00000000ad000000|100%| E|CS|TAMS 0x00000000acf00000, 0x00000000acf00000| Complete 
| 720|0x00000000ad000000, 0x00000000ad100000, 0x00000000ad100000|100%| E|CS|TAMS 0x00000000ad000000, 0x00000000ad000000| Complete 
| 721|0x00000000ad100000, 0x00000000ad200000, 0x00000000ad200000|100%| E|CS|TAMS 0x00000000ad100000, 0x00000000ad100000| Complete 
| 722|0x00000000ad200000, 0x00000000ad300000, 0x00000000ad300000|100%| E|CS|TAMS 0x00000000ad200000, 0x00000000ad200000| Complete 
| 723|0x00000000ad300000, 0x00000000ad400000, 0x00000000ad400000|100%| E|CS|TAMS 0x00000000ad300000, 0x00000000ad300000| Complete 
| 724|0x00000000ad400000, 0x00000000ad500000, 0x00000000ad500000|100%| E|CS|TAMS 0x00000000ad400000, 0x00000000ad400000| Complete 
| 725|0x00000000ad500000, 0x00000000ad600000, 0x00000000ad600000|100%| E|CS|TAMS 0x00000000ad500000, 0x00000000ad500000| Complete 
| 726|0x00000000ad600000, 0x00000000ad700000, 0x00000000ad700000|100%| E|CS|TAMS 0x00000000ad600000, 0x00000000ad600000| Complete 
| 727|0x00000000ad700000, 0x00000000ad800000, 0x00000000ad800000|100%| E|CS|TAMS 0x00000000ad700000, 0x00000000ad700000| Complete 
| 728|0x00000000ad800000, 0x00000000ad900000, 0x00000000ad900000|100%| E|CS|TAMS 0x00000000ad800000, 0x00000000ad800000| Complete 
| 729|0x00000000ad900000, 0x00000000ada00000, 0x00000000ada00000|100%| E|CS|TAMS 0x00000000ad900000, 0x00000000ad900000| Complete 
| 730|0x00000000ada00000, 0x00000000adb00000, 0x00000000adb00000|100%| E|CS|TAMS 0x00000000ada00000, 0x00000000ada00000| Complete 
| 731|0x00000000adb00000, 0x00000000adc00000, 0x00000000adc00000|100%| E|CS|TAMS 0x00000000adb00000, 0x00000000adb00000| Complete 
| 732|0x00000000adc00000, 0x00000000add00000, 0x00000000add00000|100%| E|CS|TAMS 0x00000000adc00000, 0x00000000adc00000| Complete 
| 733|0x00000000add00000, 0x00000000ade00000, 0x00000000ade00000|100%| E|CS|TAMS 0x00000000add00000, 0x00000000add00000| Complete 
| 734|0x00000000ade00000, 0x00000000adf00000, 0x00000000adf00000|100%| E|CS|TAMS 0x00000000ade00000, 0x00000000ade00000| Complete 
| 735|0x00000000adf00000, 0x00000000ae000000, 0x00000000ae000000|100%| E|CS|TAMS 0x00000000adf00000, 0x00000000adf00000| Complete 
| 736|0x00000000ae000000, 0x00000000ae100000, 0x00000000ae100000|100%| E|CS|TAMS 0x00000000ae000000, 0x00000000ae000000| Complete 
| 737|0x00000000ae100000, 0x00000000ae200000, 0x00000000ae200000|100%| E|CS|TAMS 0x00000000ae100000, 0x00000000ae100000| Complete 
| 738|0x00000000ae200000, 0x00000000ae300000, 0x00000000ae300000|100%| E|CS|TAMS 0x00000000ae200000, 0x00000000ae200000| Complete 
| 739|0x00000000ae300000, 0x00000000ae400000, 0x00000000ae400000|100%| E|CS|TAMS 0x00000000ae300000, 0x00000000ae300000| Complete 
| 740|0x00000000ae400000, 0x00000000ae500000, 0x00000000ae500000|100%| E|CS|TAMS 0x00000000ae400000, 0x00000000ae400000| Complete 
| 741|0x00000000ae500000, 0x00000000ae600000, 0x00000000ae600000|100%| E|CS|TAMS 0x00000000ae500000, 0x00000000ae500000| Complete 
| 742|0x00000000ae600000, 0x00000000ae700000, 0x00000000ae700000|100%| E|CS|TAMS 0x00000000ae600000, 0x00000000ae600000| Complete 
| 743|0x00000000ae700000, 0x00000000ae800000, 0x00000000ae800000|100%| E|CS|TAMS 0x00000000ae700000, 0x00000000ae700000| Complete 
| 744|0x00000000ae800000, 0x00000000ae900000, 0x00000000ae900000|100%| E|CS|TAMS 0x00000000ae800000, 0x00000000ae800000| Complete 
| 745|0x00000000ae900000, 0x00000000aea00000, 0x00000000aea00000|100%| E|CS|TAMS 0x00000000ae900000, 0x00000000ae900000| Complete 
| 746|0x00000000aea00000, 0x00000000aeb00000, 0x00000000aeb00000|100%| E|CS|TAMS 0x00000000aea00000, 0x00000000aea00000| Complete 
| 747|0x00000000aeb00000, 0x00000000aec00000, 0x00000000aec00000|100%| E|CS|TAMS 0x00000000aeb00000, 0x00000000aeb00000| Complete 
| 748|0x00000000aec00000, 0x00000000aed00000, 0x00000000aed00000|100%| E|CS|TAMS 0x00000000aec00000, 0x00000000aec00000| Complete 
| 749|0x00000000aed00000, 0x00000000aee00000, 0x00000000aee00000|100%| E|CS|TAMS 0x00000000aed00000, 0x00000000aed00000| Complete 
| 750|0x00000000aee00000, 0x00000000aef00000, 0x00000000aef00000|100%| E|CS|TAMS 0x00000000aee00000, 0x00000000aee00000| Complete 
| 751|0x00000000aef00000, 0x00000000af000000, 0x00000000af000000|100%| E|CS|TAMS 0x00000000aef00000, 0x00000000aef00000| Complete 
| 752|0x00000000af000000, 0x00000000af100000, 0x00000000af100000|100%| E|CS|TAMS 0x00000000af000000, 0x00000000af000000| Complete 
| 753|0x00000000af100000, 0x00000000af200000, 0x00000000af200000|100%| E|CS|TAMS 0x00000000af100000, 0x00000000af100000| Complete 
| 754|0x00000000af200000, 0x00000000af300000, 0x00000000af300000|100%| E|CS|TAMS 0x00000000af200000, 0x00000000af200000| Complete 
| 755|0x00000000af300000, 0x00000000af400000, 0x00000000af400000|100%| E|CS|TAMS 0x00000000af300000, 0x00000000af300000| Complete 
| 756|0x00000000af400000, 0x00000000af500000, 0x00000000af500000|100%| E|CS|TAMS 0x00000000af400000, 0x00000000af400000| Complete 
| 757|0x00000000af500000, 0x00000000af600000, 0x00000000af600000|100%| E|CS|TAMS 0x00000000af500000, 0x00000000af500000| Complete 
| 758|0x00000000af600000, 0x00000000af700000, 0x00000000af700000|100%| E|CS|TAMS 0x00000000af600000, 0x00000000af600000| Complete 
| 759|0x00000000af700000, 0x00000000af800000, 0x00000000af800000|100%| E|CS|TAMS 0x00000000af700000, 0x00000000af700000| Complete 
| 760|0x00000000af800000, 0x00000000af900000, 0x00000000af900000|100%| E|CS|TAMS 0x00000000af800000, 0x00000000af800000| Complete 
| 761|0x00000000af900000, 0x00000000afa00000, 0x00000000afa00000|100%| E|CS|TAMS 0x00000000af900000, 0x00000000af900000| Complete 
| 762|0x00000000afa00000, 0x00000000afb00000, 0x00000000afb00000|100%| E|CS|TAMS 0x00000000afa00000, 0x00000000afa00000| Complete 
| 763|0x00000000afb00000, 0x00000000afc00000, 0x00000000afc00000|100%| E|CS|TAMS 0x00000000afb00000, 0x00000000afb00000| Complete 
| 764|0x00000000afc00000, 0x00000000afd00000, 0x00000000afd00000|100%| E|CS|TAMS 0x00000000afc00000, 0x00000000afc00000| Complete 
| 765|0x00000000afd00000, 0x00000000afe00000, 0x00000000afe00000|100%| E|CS|TAMS 0x00000000afd00000, 0x00000000afd00000| Complete 
| 766|0x00000000afe00000, 0x00000000aff00000, 0x00000000aff00000|100%| E|CS|TAMS 0x00000000afe00000, 0x00000000afe00000| Complete 
| 767|0x00000000aff00000, 0x00000000b0000000, 0x00000000b0000000|100%| E|CS|TAMS 0x00000000aff00000, 0x00000000aff00000| Complete 
| 768|0x00000000b0000000, 0x00000000b0100000, 0x00000000b0100000|100%| E|CS|TAMS 0x00000000b0000000, 0x00000000b0000000| Complete 
| 769|0x00000000b0100000, 0x00000000b0200000, 0x00000000b0200000|100%| E|CS|TAMS 0x00000000b0100000, 0x00000000b0100000| Complete 
| 770|0x00000000b0200000, 0x00000000b0300000, 0x00000000b0300000|100%| E|CS|TAMS 0x00000000b0200000, 0x00000000b0200000| Complete 
| 771|0x00000000b0300000, 0x00000000b0400000, 0x00000000b0400000|100%| E|CS|TAMS 0x00000000b0300000, 0x00000000b0300000| Complete 
| 772|0x00000000b0400000, 0x00000000b0500000, 0x00000000b0500000|100%| E|CS|TAMS 0x00000000b0400000, 0x00000000b0400000| Complete 
| 773|0x00000000b0500000, 0x00000000b0600000, 0x00000000b0600000|100%| E|CS|TAMS 0x00000000b0500000, 0x00000000b0500000| Complete 
| 774|0x00000000b0600000, 0x00000000b0700000, 0x00000000b0700000|100%| E|CS|TAMS 0x00000000b0600000, 0x00000000b0600000| Complete 
| 775|0x00000000b0700000, 0x00000000b0800000, 0x00000000b0800000|100%| E|CS|TAMS 0x00000000b0700000, 0x00000000b0700000| Complete 
| 776|0x00000000b0800000, 0x00000000b0900000, 0x00000000b0900000|100%| E|CS|TAMS 0x00000000b0800000, 0x00000000b0800000| Complete 
| 777|0x00000000b0900000, 0x00000000b0a00000, 0x00000000b0a00000|100%| E|CS|TAMS 0x00000000b0900000, 0x00000000b0900000| Complete 
| 778|0x00000000b0a00000, 0x00000000b0b00000, 0x00000000b0b00000|100%| E|CS|TAMS 0x00000000b0a00000, 0x00000000b0a00000| Complete 
| 779|0x00000000b0b00000, 0x00000000b0c00000, 0x00000000b0c00000|100%| E|CS|TAMS 0x00000000b0b00000, 0x00000000b0b00000| Complete 
| 780|0x00000000b0c00000, 0x00000000b0d00000, 0x00000000b0d00000|100%| E|CS|TAMS 0x00000000b0c00000, 0x00000000b0c00000| Complete 
| 781|0x00000000b0d00000, 0x00000000b0e00000, 0x00000000b0e00000|100%| E|CS|TAMS 0x00000000b0d00000, 0x00000000b0d00000| Complete 
| 782|0x00000000b0e00000, 0x00000000b0f00000, 0x00000000b0f00000|100%| E|CS|TAMS 0x00000000b0e00000, 0x00000000b0e00000| Complete 
| 783|0x00000000b0f00000, 0x00000000b1000000, 0x00000000b1000000|100%| E|CS|TAMS 0x00000000b0f00000, 0x00000000b0f00000| Complete 
| 784|0x00000000b1000000, 0x00000000b1100000, 0x00000000b1100000|100%| E|CS|TAMS 0x00000000b1000000, 0x00000000b1000000| Complete 
| 785|0x00000000b1100000, 0x00000000b1200000, 0x00000000b1200000|100%| E|CS|TAMS 0x00000000b1100000, 0x00000000b1100000| Complete 
| 786|0x00000000b1200000, 0x00000000b1300000, 0x00000000b1300000|100%| E|CS|TAMS 0x00000000b1200000, 0x00000000b1200000| Complete 
| 787|0x00000000b1300000, 0x00000000b1400000, 0x00000000b1400000|100%| E|CS|TAMS 0x00000000b1300000, 0x00000000b1300000| Complete 
| 788|0x00000000b1400000, 0x00000000b1500000, 0x00000000b1500000|100%| E|CS|TAMS 0x00000000b1400000, 0x00000000b1400000| Complete 
| 789|0x00000000b1500000, 0x00000000b1600000, 0x00000000b1600000|100%| E|CS|TAMS 0x00000000b1500000, 0x00000000b1500000| Complete 
| 790|0x00000000b1600000, 0x00000000b1700000, 0x00000000b1700000|100%| E|CS|TAMS 0x00000000b1600000, 0x00000000b1600000| Complete 
| 791|0x00000000b1700000, 0x00000000b1800000, 0x00000000b1800000|100%| E|CS|TAMS 0x00000000b1700000, 0x00000000b1700000| Complete 
| 792|0x00000000b1800000, 0x00000000b1900000, 0x00000000b1900000|100%| E|CS|TAMS 0x00000000b1800000, 0x00000000b1800000| Complete 
| 793|0x00000000b1900000, 0x00000000b1a00000, 0x00000000b1a00000|100%| E|CS|TAMS 0x00000000b1900000, 0x00000000b1900000| Complete 
| 794|0x00000000b1a00000, 0x00000000b1b00000, 0x00000000b1b00000|100%| E|CS|TAMS 0x00000000b1a00000, 0x00000000b1a00000| Complete 
| 795|0x00000000b1b00000, 0x00000000b1c00000, 0x00000000b1c00000|100%| E|CS|TAMS 0x00000000b1b00000, 0x00000000b1b00000| Complete 
| 796|0x00000000b1c00000, 0x00000000b1d00000, 0x00000000b1d00000|100%| E|CS|TAMS 0x00000000b1c00000, 0x00000000b1c00000| Complete 
| 797|0x00000000b1d00000, 0x00000000b1e00000, 0x00000000b1e00000|100%| E|CS|TAMS 0x00000000b1d00000, 0x00000000b1d00000| Complete 
| 798|0x00000000b1e00000, 0x00000000b1f00000, 0x00000000b1f00000|100%| E|CS|TAMS 0x00000000b1e00000, 0x00000000b1e00000| Complete 
| 799|0x00000000b1f00000, 0x00000000b2000000, 0x00000000b2000000|100%| E|CS|TAMS 0x00000000b1f00000, 0x00000000b1f00000| Complete 
| 800|0x00000000b2000000, 0x00000000b2100000, 0x00000000b2100000|100%| E|CS|TAMS 0x00000000b2000000, 0x00000000b2000000| Complete 
| 801|0x00000000b2100000, 0x00000000b2200000, 0x00000000b2200000|100%| E|CS|TAMS 0x00000000b2100000, 0x00000000b2100000| Complete 
| 802|0x00000000b2200000, 0x00000000b2300000, 0x00000000b2300000|100%| E|CS|TAMS 0x00000000b2200000, 0x00000000b2200000| Complete 
| 803|0x00000000b2300000, 0x00000000b2400000, 0x00000000b2400000|100%| E|CS|TAMS 0x00000000b2300000, 0x00000000b2300000| Complete 
| 804|0x00000000b2400000, 0x00000000b2500000, 0x00000000b2500000|100%| E|CS|TAMS 0x00000000b2400000, 0x00000000b2400000| Complete 
| 805|0x00000000b2500000, 0x00000000b2600000, 0x00000000b2600000|100%| E|CS|TAMS 0x00000000b2500000, 0x00000000b2500000| Complete 
| 806|0x00000000b2600000, 0x00000000b2700000, 0x00000000b2700000|100%| E|CS|TAMS 0x00000000b2600000, 0x00000000b2600000| Complete 
| 807|0x00000000b2700000, 0x00000000b2800000, 0x00000000b2800000|100%| E|CS|TAMS 0x00000000b2700000, 0x00000000b2700000| Complete 
| 808|0x00000000b2800000, 0x00000000b2900000, 0x00000000b2900000|100%| E|CS|TAMS 0x00000000b2800000, 0x00000000b2800000| Complete 
| 809|0x00000000b2900000, 0x00000000b2a00000, 0x00000000b2a00000|100%| E|CS|TAMS 0x00000000b2900000, 0x00000000b2900000| Complete 
| 810|0x00000000b2a00000, 0x00000000b2b00000, 0x00000000b2b00000|100%| E|CS|TAMS 0x00000000b2a00000, 0x00000000b2a00000| Complete 
| 811|0x00000000b2b00000, 0x00000000b2c00000, 0x00000000b2c00000|100%| E|CS|TAMS 0x00000000b2b00000, 0x00000000b2b00000| Complete 
| 812|0x00000000b2c00000, 0x00000000b2d00000, 0x00000000b2d00000|100%| E|CS|TAMS 0x00000000b2c00000, 0x00000000b2c00000| Complete 
| 813|0x00000000b2d00000, 0x00000000b2e00000, 0x00000000b2e00000|100%| E|CS|TAMS 0x00000000b2d00000, 0x00000000b2d00000| Complete 
| 814|0x00000000b2e00000, 0x00000000b2f00000, 0x00000000b2f00000|100%| E|CS|TAMS 0x00000000b2e00000, 0x00000000b2e00000| Complete 
| 815|0x00000000b2f00000, 0x00000000b3000000, 0x00000000b3000000|100%| E|CS|TAMS 0x00000000b2f00000, 0x00000000b2f00000| Complete 
| 816|0x00000000b3000000, 0x00000000b3100000, 0x00000000b3100000|100%| E|CS|TAMS 0x00000000b3000000, 0x00000000b3000000| Complete 
| 817|0x00000000b3100000, 0x00000000b3200000, 0x00000000b3200000|100%| E|CS|TAMS 0x00000000b3100000, 0x00000000b3100000| Complete 
| 818|0x00000000b3200000, 0x00000000b3300000, 0x00000000b3300000|100%| E|CS|TAMS 0x00000000b3200000, 0x00000000b3200000| Complete 
| 819|0x00000000b3300000, 0x00000000b3400000, 0x00000000b3400000|100%| E|CS|TAMS 0x00000000b3300000, 0x00000000b3300000| Complete 
| 820|0x00000000b3400000, 0x00000000b3500000, 0x00000000b3500000|100%| E|CS|TAMS 0x00000000b3400000, 0x00000000b3400000| Complete 
| 821|0x00000000b3500000, 0x00000000b3600000, 0x00000000b3600000|100%| E|CS|TAMS 0x00000000b3500000, 0x00000000b3500000| Complete 
| 822|0x00000000b3600000, 0x00000000b3700000, 0x00000000b3700000|100%| E|CS|TAMS 0x00000000b3600000, 0x00000000b3600000| Complete 
| 823|0x00000000b3700000, 0x00000000b3800000, 0x00000000b3800000|100%| E|CS|TAMS 0x00000000b3700000, 0x00000000b3700000| Complete 
| 824|0x00000000b3800000, 0x00000000b3900000, 0x00000000b3900000|100%| E|CS|TAMS 0x00000000b3800000, 0x00000000b3800000| Complete 
| 825|0x00000000b3900000, 0x00000000b3a00000, 0x00000000b3a00000|100%| E|CS|TAMS 0x00000000b3900000, 0x00000000b3900000| Complete 
| 826|0x00000000b3a00000, 0x00000000b3b00000, 0x00000000b3b00000|100%| E|CS|TAMS 0x00000000b3a00000, 0x00000000b3a00000| Complete 
| 827|0x00000000b3b00000, 0x00000000b3c00000, 0x00000000b3c00000|100%| E|CS|TAMS 0x00000000b3b00000, 0x00000000b3b00000| Complete 
| 828|0x00000000b3c00000, 0x00000000b3d00000, 0x00000000b3d00000|100%| E|CS|TAMS 0x00000000b3c00000, 0x00000000b3c00000| Complete 
| 829|0x00000000b3d00000, 0x00000000b3e00000, 0x00000000b3e00000|100%| E|CS|TAMS 0x00000000b3d00000, 0x00000000b3d00000| Complete 
| 830|0x00000000b3e00000, 0x00000000b3f00000, 0x00000000b3f00000|100%| E|CS|TAMS 0x00000000b3e00000, 0x00000000b3e00000| Complete 
| 831|0x00000000b3f00000, 0x00000000b4000000, 0x00000000b4000000|100%| E|CS|TAMS 0x00000000b3f00000, 0x00000000b3f00000| Complete 
| 832|0x00000000b4000000, 0x00000000b4100000, 0x00000000b4100000|100%| E|CS|TAMS 0x00000000b4000000, 0x00000000b4000000| Complete 
| 833|0x00000000b4100000, 0x00000000b4200000, 0x00000000b4200000|100%| E|CS|TAMS 0x00000000b4100000, 0x00000000b4100000| Complete 
| 834|0x00000000b4200000, 0x00000000b4300000, 0x00000000b4300000|100%| E|CS|TAMS 0x00000000b4200000, 0x00000000b4200000| Complete 
| 835|0x00000000b4300000, 0x00000000b4400000, 0x00000000b4400000|100%| E|CS|TAMS 0x00000000b4300000, 0x00000000b4300000| Complete 
| 836|0x00000000b4400000, 0x00000000b4500000, 0x00000000b4500000|100%| E|CS|TAMS 0x00000000b4400000, 0x00000000b4400000| Complete 
| 837|0x00000000b4500000, 0x00000000b4600000, 0x00000000b4600000|100%| E|CS|TAMS 0x00000000b4500000, 0x00000000b4500000| Complete 
| 838|0x00000000b4600000, 0x00000000b4700000, 0x00000000b4700000|100%| E|CS|TAMS 0x00000000b4600000, 0x00000000b4600000| Complete 
| 839|0x00000000b4700000, 0x00000000b4800000, 0x00000000b4800000|100%| E|CS|TAMS 0x00000000b4700000, 0x00000000b4700000| Complete 
| 840|0x00000000b4800000, 0x00000000b4900000, 0x00000000b4900000|100%| E|CS|TAMS 0x00000000b4800000, 0x00000000b4800000| Complete 
| 841|0x00000000b4900000, 0x00000000b4a00000, 0x00000000b4a00000|100%| E|CS|TAMS 0x00000000b4900000, 0x00000000b4900000| Complete 
| 842|0x00000000b4a00000, 0x00000000b4b00000, 0x00000000b4b00000|100%| E|CS|TAMS 0x00000000b4a00000, 0x00000000b4a00000| Complete 
| 843|0x00000000b4b00000, 0x00000000b4c00000, 0x00000000b4c00000|100%| E|CS|TAMS 0x00000000b4b00000, 0x00000000b4b00000| Complete 
| 844|0x00000000b4c00000, 0x00000000b4d00000, 0x00000000b4d00000|100%| E|CS|TAMS 0x00000000b4c00000, 0x00000000b4c00000| Complete 
| 845|0x00000000b4d00000, 0x00000000b4e00000, 0x00000000b4e00000|100%| E|CS|TAMS 0x00000000b4d00000, 0x00000000b4d00000| Complete 
| 846|0x00000000b4e00000, 0x00000000b4f00000, 0x00000000b4f00000|100%| E|CS|TAMS 0x00000000b4e00000, 0x00000000b4e00000| Complete 
| 847|0x00000000b4f00000, 0x00000000b5000000, 0x00000000b5000000|100%| E|CS|TAMS 0x00000000b4f00000, 0x00000000b4f00000| Complete 
| 848|0x00000000b5000000, 0x00000000b5100000, 0x00000000b5100000|100%| E|CS|TAMS 0x00000000b5000000, 0x00000000b5000000| Complete 
| 849|0x00000000b5100000, 0x00000000b5200000, 0x00000000b5200000|100%| E|CS|TAMS 0x00000000b5100000, 0x00000000b5100000| Complete 
| 850|0x00000000b5200000, 0x00000000b5300000, 0x00000000b5300000|100%| E|CS|TAMS 0x00000000b5200000, 0x00000000b5200000| Complete 
| 851|0x00000000b5300000, 0x00000000b5400000, 0x00000000b5400000|100%| E|CS|TAMS 0x00000000b5300000, 0x00000000b5300000| Complete 
| 852|0x00000000b5400000, 0x00000000b5500000, 0x00000000b5500000|100%| E|CS|TAMS 0x00000000b5400000, 0x00000000b5400000| Complete 
| 853|0x00000000b5500000, 0x00000000b5600000, 0x00000000b5600000|100%| E|CS|TAMS 0x00000000b5500000, 0x00000000b5500000| Complete 
| 854|0x00000000b5600000, 0x00000000b5700000, 0x00000000b5700000|100%| E|CS|TAMS 0x00000000b5600000, 0x00000000b5600000| Complete 
| 855|0x00000000b5700000, 0x00000000b5800000, 0x00000000b5800000|100%| E|CS|TAMS 0x00000000b5700000, 0x00000000b5700000| Complete 
| 856|0x00000000b5800000, 0x00000000b5900000, 0x00000000b5900000|100%| E|CS|TAMS 0x00000000b5800000, 0x00000000b5800000| Complete 
| 857|0x00000000b5900000, 0x00000000b5a00000, 0x00000000b5a00000|100%| E|CS|TAMS 0x00000000b5900000, 0x00000000b5900000| Complete 
| 858|0x00000000b5a00000, 0x00000000b5b00000, 0x00000000b5b00000|100%| E|CS|TAMS 0x00000000b5a00000, 0x00000000b5a00000| Complete 
| 859|0x00000000b5b00000, 0x00000000b5c00000, 0x00000000b5c00000|100%| E|CS|TAMS 0x00000000b5b00000, 0x00000000b5b00000| Complete 
| 860|0x00000000b5c00000, 0x00000000b5d00000, 0x00000000b5d00000|100%| E|CS|TAMS 0x00000000b5c00000, 0x00000000b5c00000| Complete 
| 861|0x00000000b5d00000, 0x00000000b5e00000, 0x00000000b5e00000|100%| E|CS|TAMS 0x00000000b5d00000, 0x00000000b5d00000| Complete 
| 862|0x00000000b5e00000, 0x00000000b5f00000, 0x00000000b5f00000|100%| E|CS|TAMS 0x00000000b5e00000, 0x00000000b5e00000| Complete 

Card table byte_map: [0x000001ec41cf0000,0x000001ec420f0000] _byte_map_base: 0x000001ec418f0000

Marking Bits (Prev, Next): (CMBitMap*) 0x000001ec2ab45600, (CMBitMap*) 0x000001ec2ab45640
 Prev Bits: [0x000001ec424f0000, 0x000001ec444f0000)
 Next Bits: [0x000001ec444f0000, 0x000001ec464f0000)

Polling page: 0x000001ec28e70000

Metaspace:

Usage:
  Non-class:     99.61 MB used.
      Class:     15.90 MB used.
       Both:    115.51 MB used.

Virtual space:
  Non-class space:      128.00 MB reserved,     100.31 MB ( 78%) committed,  2 nodes.
      Class space:      416.00 MB reserved,      16.56 MB (  4%) committed,  1 nodes.
             Both:      544.00 MB reserved,     116.88 MB ( 21%) committed. 

Chunk freelists:
   Non-Class:  11.58 MB
       Class:  15.39 MB
        Both:  26.97 MB

MaxMetaspaceSize: 512.00 MB
CompressedClassSpaceSize: 416.00 MB
Initial GC threshold: 21.00 MB
Current GC threshold: 174.31 MB
CDS: on
MetaspaceReclaimPolicy: balanced
 - commit_granule_bytes: 65536.
 - commit_granule_words: 8192.
 - virtual_space_node_default_size: 8388608.
 - enlarge_chunks_in_place: 1.
 - new_chunks_are_fully_committed: 0.
 - uncommit_free_chunks: 1.
 - use_allocation_guard: 0.
 - handle_deallocations: 1.


Internal statistics:

num_allocs_failed_limit: 6.
num_arena_births: 1992.
num_arena_deaths: 0.
num_vsnodes_births: 3.
num_vsnodes_deaths: 0.
num_space_committed: 1869.
num_space_uncommitted: 0.
num_chunks_returned_to_freelist: 6.
num_chunks_taken_from_freelist: 7515.
num_chunk_merges: 6.
num_chunk_splits: 4701.
num_chunks_enlarged: 2835.
num_inconsistent_stats: 0.

CodeHeap 'non-profiled nmethods': size=120000Kb used=11989Kb max_used=11989Kb free=108011Kb
 bounds [0x000001ec39e70000, 0x000001ec3aa30000, 0x000001ec413a0000]
CodeHeap 'profiled nmethods': size=120000Kb used=29608Kb max_used=29608Kb free=90391Kb
 bounds [0x000001ec323a0000, 0x000001ec34090000, 0x000001ec398d0000]
CodeHeap 'non-nmethods': size=5760Kb used=2469Kb max_used=2518Kb free=3290Kb
 bounds [0x000001ec398d0000, 0x000001ec39b60000, 0x000001ec39e70000]
 total_blobs=16098 nmethods=15104 adapters=905
 compilation: enabled
              stopped_count=0, restarted_count=0
 full_count=0

Compilation events (20 events):
Event: 97.536 Thread 0x000001ec49148cb0 nmethod 18016 0x000001ec3aa23590 code [0x000001ec3aa237e0, 0x000001ec3aa243d8]
Event: 97.536 Thread 0x000001ec49148cb0 18025       4       org.gradle.internal.snapshot.impl.DirectorySnapshotter$PathVisitor::snapshotFile (213 bytes)
Event: 97.555 Thread 0x000001ec4914d6a0 18027       2       org.gradle.internal.watch.vfs.impl.WatchingVirtualFileSystem$$Lambda$546/0x000001ec4b48b9b8::<init> (20 bytes)
Event: 97.556 Thread 0x000001ec4914d6a0 nmethod 18027 0x000001ec34087a10 code [0x000001ec34087ba0, 0x000001ec34087db8]
Event: 97.556 Thread 0x000001ec4914d6a0 18029       2       org.gradle.internal.watch.vfs.impl.WatchingVirtualFileSystem::updateNotifyingListeners (47 bytes)
Event: 97.557 Thread 0x000001ec4914d6a0 nmethod 18029 0x000001ec34087e90 code [0x000001ec34088100, 0x000001ec340889d8]
Event: 97.557 Thread 0x000001ec4914d6a0 18030       1       org.gradle.plugin.use.internal.DefaultPluginId::getId (5 bytes)
Event: 97.557 Thread 0x000001ec4914d6a0 nmethod 18030 0x000001ec3aa24e10 code [0x000001ec3aa24fa0, 0x000001ec3aa25078]
Event: 97.570 Thread 0x000001ec4914d6a0 18031       2       org.gradle.api.internal.file.pattern.FixedStepPathMatcher::matches (54 bytes)
Event: 97.570 Thread 0x000001ec4914d6a0 nmethod 18031 0x000001ec34088d90 code [0x000001ec34088f40, 0x000001ec34089158]
Event: 97.571 Thread 0x000001ec4914d6a0 18032       3       sun.security.provider.DigestBase::engineUpdate (189 bytes)
Event: 97.572 Thread 0x000001ec4914d6a0 nmethod 18032 0x000001ec34089290 code [0x000001ec34089500, 0x000001ec3408a1d8]
Event: 97.572 Thread 0x000001ec4914d6a0 18034       3       sun.security.provider.DigestBase::implCompressMultiBlock0 (23 bytes)
Event: 97.572 Thread 0x000001ec4914d6a0 nmethod 18034 0x000001ec3408a510 code [0x000001ec3408a6c0, 0x000001ec3408a968]
Event: 97.572 Thread 0x000001ec4914d6a0 18033       3       sun.security.provider.DigestBase::implCompressMultiBlock (15 bytes)
Event: 97.573 Thread 0x000001ec4914d6a0 nmethod 18033 0x000001ec3408aa90 code [0x000001ec3408ac60, 0x000001ec3408afd8]
Event: 97.585 Thread 0x000001ec4914d6a0 18035       1       kotlin.io.FilePathComponents::getSegments (5 bytes)
Event: 97.585 Thread 0x000001ec4914d6a0 nmethod 18035 0x000001ec3aa25110 code [0x000001ec3aa252a0, 0x000001ec3aa25378]
Event: 97.746 Thread 0x000001ec4914d6a0 18036       3       java.security.AccessControlContext::optimize (319 bytes)
Event: 97.748 Thread 0x000001ec4914d6a0 nmethod 18036 0x000001ec3408b110 code [0x000001ec3408b480, 0x000001ec3408ca98]

GC Heap History (20 events):
Event: 76.201 GC heap before
{Heap before GC invocations=68 (full 0):
 garbage-first heap   total 329728K, used 264206K [0x0000000080000000, 0x0000000100000000)
  region size 1024K, 97 young (99328K), 2 survivors (2048K)
 Metaspace       used 105513K, committed 106688K, reserved 557056K
  class space    used 14755K, committed 15360K, reserved 425984K
}
Event: 76.213 GC heap after
{Heap after GC invocations=69 (full 0):
 garbage-first heap   total 329728K, used 180224K [0x0000000080000000, 0x0000000100000000)
  region size 1024K, 13 young (13312K), 13 survivors (13312K)
 Metaspace       used 105513K, committed 106688K, reserved 557056K
  class space    used 14755K, committed 15360K, reserved 425984K
}
Event: 76.749 GC heap before
{Heap before GC invocations=69 (full 0):
 garbage-first heap   total 329728K, used 266240K [0x0000000080000000, 0x0000000100000000)
  region size 1024K, 98 young (100352K), 13 survivors (13312K)
 Metaspace       used 105599K, committed 106752K, reserved 557056K
  class space    used 14764K, committed 15360K, reserved 425984K
}
Event: 76.763 GC heap after
{Heap after GC invocations=70 (full 0):
 garbage-first heap   total 329728K, used 188044K [0x0000000080000000, 0x0000000100000000)
  region size 1024K, 8 young (8192K), 8 survivors (8192K)
 Metaspace       used 105599K, committed 106752K, reserved 557056K
  class space    used 14764K, committed 15360K, reserved 425984K
}
Event: 77.423 GC heap before
{Heap before GC invocations=70 (full 0):
 garbage-first heap   total 329728K, used 211596K [0x0000000080000000, 0x0000000100000000)
  region size 1024K, 33 young (33792K), 8 survivors (8192K)
 Metaspace       used 105663K, committed 106816K, reserved 557056K
  class space    used 14771K, committed 15360K, reserved 425984K
}
Event: 77.430 GC heap after
{Heap after GC invocations=71 (full 0):
 garbage-first heap   total 329728K, used 191488K [0x0000000080000000, 0x0000000100000000)
  region size 1024K, 5 young (5120K), 5 survivors (5120K)
 Metaspace       used 105663K, committed 106816K, reserved 557056K
  class space    used 14771K, committed 15360K, reserved 425984K
}
Event: 79.573 GC heap before
{Heap before GC invocations=72 (full 0):
 garbage-first heap   total 329728K, used 273408K [0x0000000080000000, 0x0000000100000000)
  region size 1024K, 85 young (87040K), 5 survivors (5120K)
 Metaspace       used 105874K, committed 107008K, reserved 557056K
  class space    used 14791K, committed 15360K, reserved 425984K
}
Event: 79.582 GC heap after
{Heap after GC invocations=73 (full 0):
 garbage-first heap   total 329728K, used 195685K [0x0000000080000000, 0x0000000100000000)
  region size 1024K, 10 young (10240K), 10 survivors (10240K)
 Metaspace       used 105874K, committed 107008K, reserved 557056K
  class space    used 14791K, committed 15360K, reserved 425984K
}
Event: 79.613 GC heap before
{Heap before GC invocations=73 (full 0):
 garbage-first heap   total 329728K, used 201829K [0x0000000080000000, 0x0000000100000000)
  region size 1024K, 16 young (16384K), 10 survivors (10240K)
 Metaspace       used 105874K, committed 107008K, reserved 557056K
  class space    used 14791K, committed 15360K, reserved 425984K
}
Event: 79.623 GC heap after
{Heap after GC invocations=74 (full 0):
 garbage-first heap   total 329728K, used 193402K [0x0000000080000000, 0x0000000100000000)
  region size 1024K, 2 young (2048K), 2 survivors (2048K)
 Metaspace       used 105874K, committed 107008K, reserved 557056K
  class space    used 14791K, committed 15360K, reserved 425984K
}
Event: 80.184 GC heap before
{Heap before GC invocations=74 (full 0):
 garbage-first heap   total 329728K, used 273274K [0x0000000080000000, 0x0000000100000000)
  region size 1024K, 81 young (82944K), 2 survivors (2048K)
 Metaspace       used 105874K, committed 107008K, reserved 557056K
  class space    used 14791K, committed 15360K, reserved 425984K
}
Event: 80.189 GC heap after
{Heap after GC invocations=75 (full 0):
 garbage-first heap   total 329728K, used 195405K [0x0000000080000000, 0x0000000100000000)
  region size 1024K, 4 young (4096K), 4 survivors (4096K)
 Metaspace       used 105874K, committed 107008K, reserved 557056K
  class space    used 14791K, committed 15360K, reserved 425984K
}
Event: 80.448 GC heap before
{Heap before GC invocations=75 (full 0):
 garbage-first heap   total 329728K, used 200525K [0x0000000080000000, 0x0000000100000000)
  region size 1024K, 10 young (10240K), 4 survivors (4096K)
 Metaspace       used 105927K, committed 107072K, reserved 557056K
  class space    used 14795K, committed 15360K, reserved 425984K
}
Event: 80.453 GC heap after
{Heap after GC invocations=76 (full 0):
 garbage-first heap   total 329728K, used 196818K [0x0000000080000000, 0x0000000100000000)
  region size 1024K, 6 young (6144K), 6 survivors (6144K)
 Metaspace       used 105927K, committed 107072K, reserved 557056K
  class space    used 14795K, committed 15360K, reserved 425984K
}
Event: 82.721 GC heap before
{Heap before GC invocations=77 (full 0):
 garbage-first heap   total 337920K, used 264402K [0x0000000080000000, 0x0000000100000000)
  region size 1024K, 69 young (70656K), 6 survivors (6144K)
 Metaspace       used 106232K, committed 107456K, reserved 557056K
  class space    used 14824K, committed 15424K, reserved 425984K
}
Event: 82.731 GC heap after
{Heap after GC invocations=78 (full 0):
 garbage-first heap   total 337920K, used 207518K [0x0000000080000000, 0x0000000100000000)
  region size 1024K, 9 young (9216K), 9 survivors (9216K)
 Metaspace       used 106232K, committed 107456K, reserved 557056K
  class space    used 14824K, committed 15424K, reserved 425984K
}
Event: 82.746 GC heap before
{Heap before GC invocations=78 (full 0):
 garbage-first heap   total 337920K, used 213662K [0x0000000080000000, 0x0000000100000000)
  region size 1024K, 16 young (16384K), 9 survivors (9216K)
 Metaspace       used 106232K, committed 107456K, reserved 557056K
  class space    used 14824K, committed 15424K, reserved 425984K
}
Event: 82.756 GC heap after
{Heap after GC invocations=79 (full 0):
 garbage-first heap   total 337920K, used 206247K [0x0000000080000000, 0x0000000100000000)
  region size 1024K, 2 young (2048K), 2 survivors (2048K)
 Metaspace       used 106232K, committed 107456K, reserved 557056K
  class space    used 14824K, committed 15424K, reserved 425984K
}
Event: 82.998 GC heap before
{Heap before GC invocations=79 (full 0):
 garbage-first heap   total 337920K, used 269735K [0x0000000080000000, 0x0000000100000000)
  region size 1024K, 65 young (66560K), 2 survivors (2048K)
 Metaspace       used 106239K, committed 107456K, reserved 557056K
  class space    used 14826K, committed 15424K, reserved 425984K
}
Event: 83.008 GC heap after
{Heap after GC invocations=80 (full 0):
 garbage-first heap   total 883712K, used 207873K [0x0000000080000000, 0x0000000100000000)
  region size 1024K, 4 young (4096K), 4 survivors (4096K)
 Metaspace       used 106239K, committed 107456K, reserved 557056K
  class space    used 14826K, committed 15424K, reserved 425984K
}

Deoptimization events (20 events):
Event: 97.536 Thread 0x000001ec6b4c6300 Uncommon trap: trap_request=0xffffff6e fr.pc=0x000001ec3aa23f30 relative=0x0000000000000750
Event: 97.536 Thread 0x000001ec6b4c6300 Uncommon trap: reason=loop_limit_check action=maybe_recompile pc=0x000001ec3aa23f30 method=org.gradle.api.internal.file.pattern.GreedyPathMatcher.matches([Ljava/lang/String;I)Z @ 34 c2
Event: 97.536 Thread 0x000001ec6b4c6300 DEOPT PACKING pc=0x000001ec3aa23f30 sp=0x00000045cd4fb2d0
Event: 97.537 Thread 0x000001ec6b4c6300 DEOPT UNPACKING pc=0x000001ec39925ba3 sp=0x00000045cd4fb210 mode 2
Event: 97.555 Thread 0x000001ec6b4c6300 Uncommon trap: trap_request=0xffffff45 fr.pc=0x000001ec3a5b6ca0 relative=0x0000000000000180
Event: 97.555 Thread 0x000001ec6b4c6300 Uncommon trap: reason=unstable_if action=reinterpret pc=0x000001ec3a5b6ca0 method=org.gradle.internal.snapshot.AbstractIncompleteFileSystemNode.store(Lorg/gradle/internal/snapshot/VfsRelativePath;Lorg/gradle/internal/snapshot/CaseSensitivity;Lorg/gradle/i
Event: 97.555 Thread 0x000001ec6b4c6300 DEOPT PACKING pc=0x000001ec3a5b6ca0 sp=0x00000045cd4fa900
Event: 97.556 Thread 0x000001ec6b4c6300 DEOPT UNPACKING pc=0x000001ec39925ba3 sp=0x00000045cd4fa798 mode 2
Event: 97.556 Thread 0x000001ec6b4c6300 Uncommon trap: trap_request=0xffffff45 fr.pc=0x000001ec3a5b6ca0 relative=0x0000000000000180
Event: 97.556 Thread 0x000001ec6b4c6300 Uncommon trap: reason=unstable_if action=reinterpret pc=0x000001ec3a5b6ca0 method=org.gradle.internal.snapshot.AbstractIncompleteFileSystemNode.store(Lorg/gradle/internal/snapshot/VfsRelativePath;Lorg/gradle/internal/snapshot/CaseSensitivity;Lorg/gradle/i
Event: 97.556 Thread 0x000001ec6b4c6300 DEOPT PACKING pc=0x000001ec3a5b6ca0 sp=0x00000045cd4fab30
Event: 97.556 Thread 0x000001ec6b4c6300 DEOPT UNPACKING pc=0x000001ec39925ba3 sp=0x00000045cd4fa9c8 mode 2
Event: 97.556 Thread 0x000001ec6b4c6300 Uncommon trap: trap_request=0xffffff45 fr.pc=0x000001ec3a5af288 relative=0x0000000000000168
Event: 97.556 Thread 0x000001ec6b4c6300 Uncommon trap: reason=unstable_if action=reinterpret pc=0x000001ec3a5af288 method=org.gradle.internal.snapshot.AbstractIncompleteFileSystemNode.store(Lorg/gradle/internal/snapshot/VfsRelativePath;Lorg/gradle/internal/snapshot/CaseSensitivity;Lorg/gradle/i
Event: 97.556 Thread 0x000001ec6b4c6300 DEOPT PACKING pc=0x000001ec3a5af288 sp=0x00000045cd4fad50
Event: 97.556 Thread 0x000001ec6b4c6300 DEOPT UNPACKING pc=0x000001ec39925ba3 sp=0x00000045cd4facd8 mode 2
Event: 97.563 Thread 0x000001ec6b4c6300 Uncommon trap: trap_request=0xffffff6e fr.pc=0x000001ec3aa224f4 relative=0x0000000000000494
Event: 97.563 Thread 0x000001ec6b4c6300 Uncommon trap: reason=loop_limit_check action=maybe_recompile pc=0x000001ec3aa224f4 method=org.gradle.api.internal.file.pattern.GreedyPathMatcher.matches([Ljava/lang/String;I)Z @ 34 c2
Event: 97.564 Thread 0x000001ec6b4c6300 DEOPT PACKING pc=0x000001ec3aa224f4 sp=0x00000045cd4fc2e0
Event: 97.564 Thread 0x000001ec6b4c6300 DEOPT UNPACKING pc=0x000001ec39925ba3 sp=0x00000045cd4fc208 mode 2

Classes unloaded (0 events):
No events

Classes redefined (0 events):
No events

Internal exceptions (20 events):
Event: 96.648 Thread 0x000001ec6b4c6810 Exception <a 'sun/nio/fs/WindowsException'{0x00000000a569d9b8}> (0x00000000a569d9b8) 
thrown [s\open\src\hotspot\share\prims\jni.cpp, line 516]
Event: 96.648 Thread 0x000001ec6b4c6810 Exception <a 'sun/nio/fs/WindowsException'{0x00000000a569dfa0}> (0x00000000a569dfa0) 
thrown [s\open\src\hotspot\share\prims\jni.cpp, line 516]
Event: 96.855 Thread 0x000001ec6a5de060 Exception <a 'java/lang/NoSuchMethodError'{0x00000000a53de468}: 'java.lang.Object java.lang.invoke.DirectMethodHandle$Holder.invokeSpecial(java.lang.Object, java.lang.Object, long, java.lang.Object, java.lang.Object, java.lang.Object, java.lang.Object, java.lang.Object, java.lang.Object, java.lang.Object, java.lang.Object, java.lang.Object)'> (0x00000000a53de468) 
thrown [s\open\src\hotspot\share\interpreter\linkResolver.cpp, line 759]
Event: 96.857 Thread 0x000001ec6a5de060 Exception <a 'java/lang/NoSuchMethodError'{0x00000000a53e2c10}: 'java.lang.Object java.lang.invoke.DelegatingMethodHandle$Holder.reinvoke_L(java.lang.Object, long, java.lang.Object, java.lang.Object, java.lang.Object, java.lang.Object, java.lang.Object, java.lang.Object, java.lang.Object, java.lang.Object, java.lang.Object)'> (0x00000000a53e2c10) 
thrown [s\open\src\hotspot\share\interpreter\linkResolver.cpp, line 759]
Event: 96.928 Thread 0x000001ec6b4c3060 Exception <a 'sun/nio/fs/WindowsException'{0x00000000a4f10f30}> (0x00000000a4f10f30) 
thrown [s\open\src\hotspot\share\prims\jni.cpp, line 516]
Event: 96.929 Thread 0x000001ec6b4c3060 Exception <a 'sun/nio/fs/WindowsException'{0x00000000a4f12318}> (0x00000000a4f12318) 
thrown [s\open\src\hotspot\share\prims\jni.cpp, line 516]
Event: 96.929 Thread 0x000001ec6b4c3060 Exception <a 'sun/nio/fs/WindowsException'{0x00000000a4f123a8}> (0x00000000a4f123a8) 
thrown [s\open\src\hotspot\share\prims\jni.cpp, line 516]
Event: 96.931 Thread 0x000001ec6b4c3060 Exception <a 'sun/nio/fs/WindowsException'{0x00000000a4f127d0}> (0x00000000a4f127d0) 
thrown [s\open\src\hotspot\share\prims\jni.cpp, line 516]
Event: 96.962 Thread 0x000001ec6b4c5df0 Exception <a 'sun/nio/fs/WindowsException'{0x00000000a4fb2f88}> (0x00000000a4fb2f88) 
thrown [s\open\src\hotspot\share\prims\jni.cpp, line 516]
Event: 96.962 Thread 0x000001ec6b4c5df0 Exception <a 'sun/nio/fs/WindowsException'{0x00000000a4fb4360}> (0x00000000a4fb4360) 
thrown [s\open\src\hotspot\share\prims\jni.cpp, line 516]
Event: 96.962 Thread 0x000001ec6b4c5df0 Exception <a 'sun/nio/fs/WindowsException'{0x00000000a4fb43f0}> (0x00000000a4fb43f0) 
thrown [s\open\src\hotspot\share\prims\jni.cpp, line 516]
Event: 96.962 Thread 0x000001ec6b4c5df0 Exception <a 'sun/nio/fs/WindowsException'{0x00000000a4fb4838}> (0x00000000a4fb4838) 
thrown [s\open\src\hotspot\share\prims\jni.cpp, line 516]
Event: 96.992 Thread 0x000001ec692a5760 Exception <a 'sun/nio/fs/WindowsException'{0x00000000a4e2eeb0}> (0x00000000a4e2eeb0) 
thrown [s\open\src\hotspot\share\prims\jni.cpp, line 516]
Event: 96.993 Thread 0x000001ec692a5760 Exception <a 'sun/nio/fs/WindowsException'{0x00000000a4e2fed8}> (0x00000000a4e2fed8) 
thrown [s\open\src\hotspot\share\prims\jni.cpp, line 516]
Event: 96.993 Thread 0x000001ec692a5760 Exception <a 'sun/nio/fs/WindowsException'{0x00000000a4e2ff68}> (0x00000000a4e2ff68) 
thrown [s\open\src\hotspot\share\prims\jni.cpp, line 516]
Event: 96.993 Thread 0x000001ec692a5760 Exception <a 'sun/nio/fs/WindowsException'{0x00000000a4e30900}> (0x00000000a4e30900) 
thrown [s\open\src\hotspot\share\prims\jni.cpp, line 516]
Event: 97.018 Thread 0x000001ec6b4c5df0 Exception <a 'sun/nio/fs/WindowsException'{0x00000000a4ed60a0}> (0x00000000a4ed60a0) 
thrown [s\open\src\hotspot\share\prims\jni.cpp, line 516]
Event: 97.018 Thread 0x000001ec6b4c5df0 Exception <a 'sun/nio/fs/WindowsException'{0x00000000a4ed7480}> (0x00000000a4ed7480) 
thrown [s\open\src\hotspot\share\prims\jni.cpp, line 516]
Event: 97.018 Thread 0x000001ec6b4c5df0 Exception <a 'sun/nio/fs/WindowsException'{0x00000000a4ed7510}> (0x00000000a4ed7510) 
thrown [s\open\src\hotspot\share\prims\jni.cpp, line 516]
Event: 97.018 Thread 0x000001ec6b4c5df0 Exception <a 'sun/nio/fs/WindowsException'{0x00000000a4ed7d38}> (0x00000000a4ed7d38) 
thrown [s\open\src\hotspot\share\prims\jni.cpp, line 516]

VM Operations (20 events):
Event: 92.887 Executing VM operation: ICBufferFull
Event: 92.887 Executing VM operation: ICBufferFull done
Event: 93.288 Executing VM operation: HandshakeAllThreads
Event: 93.289 Executing VM operation: HandshakeAllThreads done
Event: 93.304 Executing VM operation: HandshakeAllThreads
Event: 93.305 Executing VM operation: HandshakeAllThreads done
Event: 93.312 Executing VM operation: HandshakeAllThreads
Event: 93.312 Executing VM operation: HandshakeAllThreads done
Event: 93.740 Executing VM operation: HandshakeAllThreads
Event: 93.741 Executing VM operation: HandshakeAllThreads done
Event: 94.742 Executing VM operation: Cleanup
Event: 94.758 Executing VM operation: Cleanup done
Event: 95.767 Executing VM operation: Cleanup
Event: 95.767 Executing VM operation: Cleanup done
Event: 96.443 Executing VM operation: HandshakeAllThreads
Event: 96.444 Executing VM operation: HandshakeAllThreads done
Event: 96.448 Executing VM operation: HandshakeAllThreads
Event: 96.448 Executing VM operation: HandshakeAllThreads done
Event: 97.450 Executing VM operation: Cleanup
Event: 97.451 Executing VM operation: Cleanup done

Events (20 events):
Event: 93.317 loading class javax/crypto/ProviderVerifier$1
Event: 93.333 loading class javax/crypto/ProviderVerifier$1 done
Event: 94.527 loading class java/util/HashMap$UnsafeHolder
Event: 94.531 loading class java/util/HashMap$UnsafeHolder done
Event: 94.934 Thread 0x000001ec69a7fdf0 Thread added: 0x000001ec69a7fdf0
Event: 94.938 Thread 0x000001ec69a80300 Thread added: 0x000001ec69a80300
Event: 95.010 Thread 0x000001ec6f3104b0 Thread added: 0x000001ec6f3104b0
Event: 96.170 loading class java/time/Instant$1
Event: 96.204 loading class java/time/Instant$1 done
Event: 96.767 Thread 0x000001ec6a5de060 Thread added: 0x000001ec6a5de060
Event: 96.905 Thread 0x000001ec6b4c44a0 Thread exited: 0x000001ec6b4c44a0
Event: 96.905 Thread 0x000001ec6bf65d00 Thread exited: 0x000001ec6bf65d00
Event: 96.920 Thread 0x000001ec6bf657f0 Thread exited: 0x000001ec6bf657f0
Event: 96.934 Thread 0x000001ec6f30ffa0 Thread added: 0x000001ec6f30ffa0
Event: 96.964 Thread 0x000001ec6e6adcc0 Thread added: 0x000001ec6e6adcc0
Event: 96.995 Thread 0x000001ec6dbfea80 Thread added: 0x000001ec6dbfea80
Event: 97.020 Thread 0x000001ec6da21310 Thread added: 0x000001ec6da21310
Event: 97.602 Thread 0x000001ec6e6ac370 Thread added: 0x000001ec6e6ac370
Event: 97.747 Thread 0x000001ec6e25f200 Thread added: 0x000001ec6e25f200
Event: 97.747 Thread 0x000001ec6e25bf60 Thread added: 0x000001ec6e25bf60


Dynamic libraries:
0x00007ff6de380000 - 0x00007ff6de390000 	C:\Program Files\Java\jdk-17\bin\java.exe
0x00007ffdbc960000 - 0x00007ffdbcbc7000 	C:\WINDOWS\SYSTEM32\ntdll.dll
0x00007ffdbbde0000 - 0x00007ffdbbeab000 	C:\WINDOWS\System32\KERNEL32.DLL
0x00007ffdb9c20000 - 0x00007ffdba021000 	C:\WINDOWS\System32\KERNELBASE.dll
0x00007ffdba2e0000 - 0x00007ffdba42c000 	C:\WINDOWS\System32\ucrtbase.dll
0x00007ffd1d070000 - 0x00007ffd1d08b000 	C:\Program Files\Java\jdk-17\bin\VCRUNTIME140.dll
0x00007ffdb3c60000 - 0x00007ffdb3c79000 	C:\Program Files\Java\jdk-17\bin\jli.dll
0x00007ffdba6e0000 - 0x00007ffdba79b000 	C:\WINDOWS\System32\ADVAPI32.dll
0x00007ffdbbaf0000 - 0x00007ffdbbb99000 	C:\WINDOWS\System32\msvcrt.dll
0x00007ffdba810000 - 0x00007ffdba8b8000 	C:\WINDOWS\System32\sechost.dll
0x00007ffdbb150000 - 0x00007ffdbb268000 	C:\WINDOWS\System32\RPCRT4.dll
0x00007ffdba8c0000 - 0x00007ffdbaa97000 	C:\WINDOWS\System32\USER32.dll
0x00007ffdba2b0000 - 0x00007ffdba2d7000 	C:\WINDOWS\System32\win32u.dll
0x00007ffd9c2a0000 - 0x00007ffd9c530000 	C:\WINDOWS\WinSxS\amd64_microsoft.windows.common-controls_6595b64144ccf1df_6.0.26100.9549_none_3e0a0396e3330090\COMCTL32.dll
0x00007ffdba680000 - 0x00007ffdba6ab000 	C:\WINDOWS\System32\GDI32.dll
0x00007ffdba0c0000 - 0x00007ffdba1e8000 	C:\WINDOWS\System32\gdi32full.dll
0x00007ffdba440000 - 0x00007ffdba4e3000 	C:\WINDOWS\System32\msvcp_win.dll
0x00007ffdaf9c0000 - 0x00007ffdaf9cb000 	C:\WINDOWS\SYSTEM32\VERSION.dll
0x00007ffdbba20000 - 0x00007ffdbba51000 	C:\WINDOWS\System32\IMM32.DLL
0x00007ffdb3c50000 - 0x00007ffdb3c5c000 	C:\Program Files\Java\jdk-17\bin\vcruntime140_1.dll
0x00007ffcfd770000 - 0x00007ffcfd7fe000 	C:\Program Files\Java\jdk-17\bin\msvcp140.dll
0x00007ffca27c0000 - 0x00007ffca33a0000 	C:\Program Files\Java\jdk-17\bin\server\jvm.dll
0x00007ffdbafa0000 - 0x00007ffdbafa8000 	C:\WINDOWS\System32\PSAPI.DLL
0x00007ffd98ac0000 - 0x00007ffd98aca000 	C:\WINDOWS\SYSTEM32\WSOCK32.dll
0x00007ffdbbd50000 - 0x00007ffdbbdd1000 	C:\WINDOWS\System32\WS2_32.dll
0x00007ffdabdc0000 - 0x00007ffdabdf7000 	C:\WINDOWS\SYSTEM32\WINMM.dll
0x00007ffdb88e0000 - 0x00007ffdb88fb000 	C:\WINDOWS\SYSTEM32\kernel.appcore.dll
0x00007ffdb3c80000 - 0x00007ffdb3c8a000 	C:\Program Files\Java\jdk-17\bin\jimage.dll
0x00007ffdb6a40000 - 0x00007ffdb6c8c000 	C:\WINDOWS\SYSTEM32\DBGHELP.DLL
0x00007ffdbac10000 - 0x00007ffdbaf9a000 	C:\WINDOWS\System32\combase.dll
0x00007ffdbb070000 - 0x00007ffdbb149000 	C:\WINDOWS\System32\OLEAUT32.dll
0x00007ffd9b610000 - 0x00007ffd9b64b000 	C:\WINDOWS\SYSTEM32\dbgcore.DLL
0x00007ffdba1f0000 - 0x00007ffdba29c000 	C:\WINDOWS\System32\bcryptPrimitives.dll
0x00007ffd9a0c0000 - 0x00007ffd9a0ce000 	C:\Program Files\Java\jdk-17\bin\instrument.dll
0x00007ffcfdda0000 - 0x00007ffcfddc5000 	C:\Program Files\Java\jdk-17\bin\java.dll
0x00007ffca25c0000 - 0x00007ffca2697000 	C:\Program Files\Java\jdk-17\bin\jsvml.dll
0x00007ffdbb270000 - 0x00007ffdbba0c000 	C:\WINDOWS\System32\SHELL32.dll
0x00007ffdb7580000 - 0x00007ffdb7e2d000 	C:\WINDOWS\SYSTEM32\windows.storage.dll
0x00007ffdbbbd0000 - 0x00007ffdbbcc9000 	C:\WINDOWS\System32\SHCORE.dll
0x00007ffdbc410000 - 0x00007ffdbc476000 	C:\WINDOWS\System32\shlwapi.dll
0x00007ffdb9a70000 - 0x00007ffdb9a99000 	C:\WINDOWS\SYSTEM32\profapi.dll
0x00007ffd0a2e0000 - 0x00007ffd0a2f8000 	C:\Program Files\Java\jdk-17\bin\zip.dll
0x00007ffd0a320000 - 0x00007ffd0a339000 	C:\Program Files\Java\jdk-17\bin\net.dll
0x00007ffdb02e0000 - 0x00007ffdb040a000 	C:\WINDOWS\SYSTEM32\WINHTTP.dll
0x00007ffdb8e80000 - 0x00007ffdb8eec000 	C:\WINDOWS\system32\mswsock.dll
0x00007ffd0a300000 - 0x00007ffd0a316000 	C:\Program Files\Java\jdk-17\bin\nio.dll
0x00007ffd9bc60000 - 0x00007ffd9bc70000 	C:\Program Files\Java\jdk-17\bin\verify.dll
0x00007ffd99770000 - 0x00007ffd99797000 	C:\Users\user\.gradle\native\c067742578af261105cb4f569cf0c3c89f3d7b1fecec35dd04571415982c5e48\windows-amd64\native-platform.dll
0x00007ffd217e0000 - 0x00007ffd21924000 	C:\Users\user\.gradle\native\100fb08df4bc3b14c8652ba06237920a3bd2aa13389f12d3474272988ae205f9\windows-amd64\native-platform-file-events.dll
0x00007ffd9a120000 - 0x00007ffd9a12a000 	C:\Program Files\Java\jdk-17\bin\management.dll
0x00007ffd9a0d0000 - 0x00007ffd9a0db000 	C:\Program Files\Java\jdk-17\bin\management_ext.dll
0x00007ffdb92c0000 - 0x00007ffdb92db000 	C:\WINDOWS\SYSTEM32\CRYPTSP.dll
0x00007ffdb8840000 - 0x00007ffdb8879000 	C:\WINDOWS\system32\rsaenh.dll
0x00007ffdb8f30000 - 0x00007ffdb8f64000 	C:\WINDOWS\SYSTEM32\USERENV.dll
0x00007ffdb9a40000 - 0x00007ffdb9a6a000 	C:\WINDOWS\SYSTEM32\bcrypt.dll
0x00007ffdb90e0000 - 0x00007ffdb90ec000 	C:\WINDOWS\SYSTEM32\CRYPTBASE.dll
0x00007ffdb8200000 - 0x00007ffdb8233000 	C:\WINDOWS\SYSTEM32\IPHLPAPI.DLL
0x00007ffdbc480000 - 0x00007ffdbc48a000 	C:\WINDOWS\System32\NSI.dll
0x00007ffdb1a40000 - 0x00007ffdb1a5e000 	C:\WINDOWS\SYSTEM32\dhcpcsvc6.DLL
0x00007ffdb19f0000 - 0x00007ffdb1a15000 	C:\WINDOWS\SYSTEM32\dhcpcsvc.DLL
0x00007ffdb8290000 - 0x00007ffdb83e8000 	C:\WINDOWS\SYSTEM32\DNSAPI.dll
0x00007ffdb8c80000 - 0x00007ffdb8c8d000 	C:\WINDOWS\SYSTEM32\DSPARSE.dll
0x00007ffd9a050000 - 0x00007ffd9a05e000 	C:\Program Files\Java\jdk-17\bin\sunmscapi.dll
0x00007ffdba4f0000 - 0x00007ffdba66f000 	C:\WINDOWS\System32\CRYPT32.dll
0x00007ffdb9430000 - 0x00007ffdb9460000 	C:\WINDOWS\SYSTEM32\ncrypt.dll
0x00007ffdb93e0000 - 0x00007ffdb941f000 	C:\WINDOWS\SYSTEM32\NTASN1.dll
0x00007ffd565a0000 - 0x00007ffd565a8000 	C:\WINDOWS\system32\wshunix.dll
0x00007ffd8cbf0000 - 0x00007ffd8cc08000 	C:\WINDOWS\system32\napinsp.dll
0x00007ffd8cef0000 - 0x00007ffd8cf03000 	C:\WINDOWS\System32\winrnr.dll
0x00007ffd8cbc0000 - 0x00007ffd8cbe7000 	C:\WINDOWS\system32\nlansp_c.dll
0x00007ffd8cae0000 - 0x00007ffd8caf6000 	C:\WINDOWS\system32\wshbth.dll
0x00000000509d0000 - 0x00000000509f6000 	C:\Program Files\Bonjour\mdnsNSP.dll
0x00007ffdaffd0000 - 0x00007ffdaffdb000 	C:\Windows\System32\rasadhlp.dll
0x00007ffdb21f0000 - 0x00007ffdb2276000 	C:\WINDOWS\System32\fwpuclnt.dll

dbghelp: loaded successfully - version: 4.0.5 - missing functions: none
symbol engine: initialized successfully - sym options: 0x614 - pdb path: .;C:\Program Files\Java\jdk-17\bin;C:\WINDOWS\SYSTEM32;C:\WINDOWS\WinSxS\amd64_microsoft.windows.common-controls_6595b64144ccf1df_6.0.26100.9549_none_3e0a0396e3330090;C:\Program Files\Java\jdk-17\bin\server;C:\Users\user\.gradle\native\c067742578af261105cb4f569cf0c3c89f3d7b1fecec35dd04571415982c5e48\windows-amd64;C:\Users\user\.gradle\native\100fb08df4bc3b14c8652ba06237920a3bd2aa13389f12d3474272988ae205f9\windows-amd64;C:\Program Files\Bonjour

VM Arguments:
jvm_args: -XX:MaxMetaspaceSize=512m --add-opens=java.base/java.util=ALL-UNNAMED --add-opens=java.base/java.lang=ALL-UNNAMED --add-opens=java.base/java.lang.invoke=ALL-UNNAMED --add-opens=java.prefs/java.util.prefs=ALL-UNNAMED --add-opens=java.base/java.nio.charset=ALL-UNNAMED --add-opens=java.base/java.net=ALL-UNNAMED --add-opens=java.base/java.util.concurrent.atomic=ALL-UNNAMED -Xmx2048m -Dfile.encoding=windows-1252 -Duser.country=IN -Duser.language=en -Duser.variant -javaagent:C:\Users\user\.gradle\wrapper\dists\gradle-8.8-bin\dl7vupf4psengwqhwktix4v1\gradle-8.8\lib\agents\gradle-instrumentation-agent-8.8.jar 
java_command: org.gradle.launcher.daemon.bootstrap.GradleDaemon 8.8
java_class_path (initial): C:\Users\user\.gradle\wrapper\dists\gradle-8.8-bin\dl7vupf4psengwqhwktix4v1\gradle-8.8\lib\gradle-launcher-8.8.jar
Launcher Type: SUN_STANDARD

[Global flags]
     intx CICompilerCount                          = 4                                         {product} {ergonomic}
   size_t CompressedClassSpaceSize                 = 436207616                                 {product} {ergonomic}
     uint ConcGCThreads                            = 3                                         {product} {ergonomic}
     uint G1ConcRefinementThreads                  = 10                                        {product} {ergonomic}
   size_t G1HeapRegionSize                         = 1048576                                   {product} {ergonomic}
    uintx GCDrainStackTargetSize                   = 64                                        {product} {ergonomic}
   size_t InitialHeapSize                          = 130023424                                 {product} {ergonomic}
   size_t MarkStackSize                            = 4194304                                   {product} {ergonomic}
   size_t MaxHeapSize                              = 2147483648                                {product} {command line}
   size_t MaxMetaspaceSize                         = 536870912                                 {product} {command line}
   size_t MaxNewSize                               = 1287651328                                {product} {ergonomic}
   size_t MinHeapDeltaBytes                        = 1048576                                   {product} {ergonomic}
   size_t MinHeapSize                              = 8388608                                   {product} {ergonomic}
    uintx NonNMethodCodeHeapSize                   = 5839372                                {pd product} {ergonomic}
    uintx NonProfiledCodeHeapSize                  = 122909434                              {pd product} {ergonomic}
    uintx ProfiledCodeHeapSize                     = 122909434                              {pd product} {ergonomic}
    uintx ReservedCodeCacheSize                    = 251658240                              {pd product} {ergonomic}
     bool SegmentedCodeCache                       = true                                      {product} {ergonomic}
   size_t SoftMaxHeapSize                          = 2147483648                             {manageable} {ergonomic}
     bool UseCompressedClassPointers               = true                           {product lp64_product} {ergonomic}
     bool UseCompressedOops                        = true                           {product lp64_product} {ergonomic}
     bool UseG1GC                                  = true                                      {product} {ergonomic}
     bool UseLargePagesIndividualAllocation        = false                                  {pd product} {ergonomic}

Logging:
Log output configuration:
 #0: stdout all=warning uptime,level,tags
 #1: stderr all=off uptime,level,tags

Environment Variables:
JAVA_HOME=C:\Program Files\Java\jdk-17
CLASSPATH=C:\Users\user\Downloads\Forge intern\FIC Manager App\frontend\android\\gradle\wrapper\gradle-wrapper.jar
PATH=C:\Python313\Scripts\;C:\Python313\;C:\Program Files\Common Files\Oracle\Java\javapath;C:\Program Files (x86)\NVIDIA Corporation\PhysX\Common;C:\WINDOWS\system32;C:\WINDOWS;C:\WINDOWS\System32\Wbem;C:\WINDOWS\System32\WindowsPowerShell\v1.0\;C:\WINDOWS\System32\OpenSSH\;C:\Program Files\dotnet\;C:\Program Files\nodejs\;C:\ProgramData\chocolatey\bin;C:\Program Files\NVIDIA Corporation\NVIDIA App\NvDLISR;C:\Program Files\Git\cmd;C:\Program Files\Void\bin;C:\Program Files (x86)\Windows Kits\10\Windows Performance Toolkit\;C:\Users\user\AppData\Local\agy\bin;C:\Python313\Scripts\;C:\Python313\;C:\Program Files\Common Files\Oracle\Java\javapath;C:\Program Files (x86)\NVIDIA Corporation\PhysX\Common;C:\WINDOWS\system32;C:\WINDOWS;C:\WINDOWS\System32\Wbem;C:\WINDOWS\System32\WindowsPowerShell\v1.0\;C:\WINDOWS\System32\OpenSSH\;C:\Program Files\dotnet\;C:\Program Files\nodejs\;C:\ProgramData\chocolatey\bin;C:\Program Files\NVIDIA Corporation\NVIDIA App\NvDLISR;C:\Program Files\Git\cmd;C:\Program Files\Void\bin;C:\Program Files (x86)\Windows Kits\10\Windows Performance Toolkit\;C:\Users\user\.local\bin;c:\Users\user\AppData\Local\Programs\cursor\resources\app\codeBin;C:\Users\user\AppData\Local\Microsoft\WindowsApps;C:\Users\user\AppData\Local\Programs\Microsoft VS Code\bin;C:\Users\user\AppData\Roaming\npm;C:\Users\user\AppData\Local\Programs\Ollama;C:\Users\user\AppData\Local\Programs\cursor\resources\app\bin;C:\Users\user\AppData\Local\Programs\Antigravity IDE\bin;C:\Users\user\AppData\Local\Programs\Kiro\bin;C:\Users\user\AppData\Local\Kingsoft\WPS Office\12.1.0.27458\clitool;C:\Users\user\Downloads\flutter_windows_3.44.8-stable\flutter\bin;C:\Users\user\AppData\Local\Android\Sdk\platform-tools;C:\Users\user\AppData\Local\Android\Sdk\platform-tools;C:\Users\user\AppData\Local\Android\Sdk\emulator;C:\Program Files\Java\jdk-17\bin;c:\Users\user\.antigravity-ide\extensions\ms-python.debugpy-2026.6.0-win32-x64\bundled\scripts\noConfigScripts
USERNAME=user
LANG=en_US.UTF-8
OS=Windows_NT
PROCESSOR_IDENTIFIER=Intel64 Family 6 Model 141 Stepping 1, GenuineIntel



---------------  S Y S T E M  ---------------

OS:
 Windows 11 , 64 bit Build 26100 (10.0.26100.9549)
OS uptime: 0 days 2:57 hours
Hyper-V role detected

CPU: total 12 (initial active 12) (6 cores per cpu, 2 threads per core) family 6 model 141 stepping 1 microcode 0x50, cx8, cmov, fxsr, ht, mmx, 3dnowpref, sse, sse2, sse3, ssse3, sse4.1, sse4.2, popcnt, lzcnt, tsc, tscinvbit, avx, avx2, aes, erms, clmul, bmi1, bmi2, adx, avx512f, avx512dq, avx512cd, avx512bw, avx512vl, sha, fma, vzeroupper, avx512_vpopcntdq, avx512_vpclmulqdq, avx512_vaes, avx512_vnni, clflush, clflushopt, clwb, avx512_vbmi2, avx512_vbmi, hv

Memory: 4k page, system-wide physical 7913M (16M free)
TotalPageFile size 28393M (AvailPageFile size 0M)
current process WorkingSet (physical memory assigned to process): 53M, peak: 570M
current process commit charge ("private bytes"): 1287M, peak: 1291M

vm_info: Java HotSpot(TM) 64-Bit Server VM (17.0.12+8-LTS-286) for windows-amd64 JRE (17.0.12+8-LTS-286), built on Jun  5 2024 06:46:59 by "mach5one" with MS VC++ 17.6 (VS2022)

END.
