#
# There is insufficient memory for the Java Runtime Environment to continue.
# Native memory allocation (mmap) failed to map 96468992 bytes for G1 virtual space
# Possible reasons:
#   The system is out of physical RAM or swap space
#   The process is running with CompressedOops enabled, and the Java Heap may be blocking the growth of the native heap
# Possible solutions:
#   Reduce memory load on the system
#   Increase physical memory or swap space
#   Check if swap backing store is full
#   Decrease Java heap size (-Xmx/-Xms)
#   Decrease number of Java threads
#   Decrease Java thread stack sizes (-Xss)
#   Set larger code cache with -XX:ReservedCodeCacheSize=
#   JVM is running with Unscaled Compressed Oops mode in which the Java heap is
#     placed in the first 4GB address space. The Java Heap base address is the
#     maximum limit for the native heap growth. Please use -XX:HeapBaseMinAddress
#     to set the Java Heap base and to place the Java Heap above 4GB virtual address.
# This output file may be truncated or incomplete.
#
#  Out of Memory Error (os_windows.cpp:3548), pid=27328, tid=27384
#
# JRE version: Java(TM) SE Runtime Environment (17.0.12+8) (build 17.0.12+8-LTS-286)
# Java VM: Java HotSpot(TM) 64-Bit Server VM (17.0.12+8-LTS-286, mixed mode, sharing, tiered, compressed oops, compressed class ptrs, g1 gc, windows-amd64)
# No core dump will be written. Minidumps are not enabled by default on client versions of Windows
#

---------------  S U M M A R Y ------------

Command Line: -XX:MaxMetaspaceSize=512m --add-opens=java.base/java.util=ALL-UNNAMED --add-opens=java.base/java.lang=ALL-UNNAMED --add-opens=java.base/java.lang.invoke=ALL-UNNAMED --add-opens=java.prefs/java.util.prefs=ALL-UNNAMED --add-opens=java.base/java.nio.charset=ALL-UNNAMED --add-opens=java.base/java.net=ALL-UNNAMED --add-opens=java.base/java.util.concurrent.atomic=ALL-UNNAMED -Xmx2048m -Dfile.encoding=windows-1252 -Duser.country=IN -Duser.language=en -Duser.variant -javaagent:C:\Users\user\.gradle\wrapper\dists\gradle-8.8-bin\dl7vupf4psengwqhwktix4v1\gradle-8.8\lib\agents\gradle-instrumentation-agent-8.8.jar org.gradle.launcher.daemon.bootstrap.GradleDaemon 8.8

Host: 11th Gen Intel(R) Core(TM) i5-11400H @ 2.70GHz, 12 cores, 7G,  Windows 11 , 64 bit Build 26100 (10.0.26100.9549)
Time: Tue Sep 29 12:01:26 2026 India Standard Time elapsed time: 187.774431 seconds (0d 0h 3m 7s)

---------------  T H R E A D  ---------------

Current thread (0x0000021b7fad3c10):  VMThread "VM Thread" [stack: 0x000000e190100000,0x000000e190200000] [id=27384]

Stack: [0x000000e190100000,0x000000e190200000]
Native frames: (J=compiled Java code, j=interpreted, Vv=VM code, C=native code)
V  [jvm.dll+0x67a04a]
V  [jvm.dll+0x7da4ed]
V  [jvm.dll+0x7dbe33]
V  [jvm.dll+0x7dc4a3]
V  [jvm.dll+0x24508f]
V  [jvm.dll+0x677089]
V  [jvm.dll+0x66bd32]
V  [jvm.dll+0x301fa6]
V  [jvm.dll+0x309546]
V  [jvm.dll+0x359d2e]
V  [jvm.dll+0x359f5f]
V  [jvm.dll+0x2d9078]
V  [jvm.dll+0x2dc0e6]
V  [jvm.dll+0x2e67eb]
V  [jvm.dll+0x31a870]
V  [jvm.dll+0x7e0d9b]
V  [jvm.dll+0x7e1ad4]
V  [jvm.dll+0x7e1fed]
V  [jvm.dll+0x7e23c4]
V  [jvm.dll+0x7e2490]
V  [jvm.dll+0x78abea]
V  [jvm.dll+0x678f35]
C  [ucrtbase.dll+0x2cd30]
C  [KERNEL32.DLL+0x2cdf7]
C  [ntdll.dll+0x7ee4c]

VM_Operation (0x000000e18fdff720): G1Concurrent, mode: safepoint, requested by thread 0x0000021b61516ad0


---------------  P R O C E S S  ---------------

Threads class SMR info:
_java_thread_list=0x0000021b2ad950c0, length=191, elements={
0x0000021b614a91d0, 0x0000021b7fad8480, 0x0000021b7fad9ac0, 0x0000021b7faf29c0,
0x0000021b7faf42a0, 0x0000021b7faf4b70, 0x0000021b7faf9460, 0x0000021b7fafbb50,
0x0000021b7fb2c9e0, 0x0000021b7fb4e2b0, 0x0000021b1f0d3370, 0x0000021b1f1e70d0,
0x0000021b1fb948a0, 0x0000021b1fe07a40, 0x0000021b20832b50, 0x0000021b1f185a00,
0x0000021b206d82a0, 0x0000021b206d6440, 0x0000021b206d6950, 0x0000021b206d7370,
0x0000021b206d6e60, 0x0000021b206d91d0, 0x0000021b217b20a0, 0x0000021b217b0c60,
0x0000021b217b1170, 0x0000021b217a5740, 0x0000021b217aa840, 0x0000021b217a9e20,
0x0000021b217ab770, 0x0000021b217abc80, 0x0000021b217a9400, 0x0000021b217ac190,
0x0000021b217aad50, 0x0000021b217ac6a0, 0x0000021b21b6a0d0, 0x0000021b21b63170,
0x0000021b21b63b90, 0x0000021b21b64ac0, 0x0000021b21b654e0, 0x0000021b21b659f0,
0x0000021b21b640a0, 0x0000021b21b66920, 0x0000021b21b66410, 0x0000021b21b645b0,
0x0000021b21b65f00, 0x0000021b21b66e30, 0x0000021b21b64fd0, 0x0000021b21b63680,
0x0000021b21b67d60, 0x0000021b21b6a5e0, 0x0000021b21b67340, 0x0000021b21b68270,
0x0000021b21b67850, 0x0000021b21b69bc0, 0x0000021b21b68780, 0x0000021b21b68c90,
0x0000021b21b691a0, 0x0000021b1fb5a0c0, 0x0000021b1fb596a0, 0x0000021b1fb5b500,
0x0000021b1fb59190, 0x0000021b1fb5c940, 0x0000021b1fb5d870, 0x0000021b1fb5dd80,
0x0000021b1fb5aff0, 0x0000021b1fb5a5d0, 0x0000021b1fb5f1c0, 0x0000021b1fb5ba10,
0x0000021b1fb5e290, 0x0000021b1fb5e7a0, 0x0000021b1fb5f6d0, 0x0000021b1fb5bf20,
0x0000021b1fb5c430, 0x0000021b1fb5ce50, 0x0000021b1fb5d360, 0x0000021b1fb59bb0,
0x0000021b1fb5fbe0, 0x0000021b1fb600f0, 0x0000021b1fb60600, 0x0000021b1fb60b10,
0x0000021b217b25b0, 0x0000021b217afd30, 0x0000021b217b1b90, 0x0000021b217b0240,
0x0000021b217af310, 0x0000021b217b4410, 0x0000021b217b4e30, 0x0000021b217b2ac0,
0x0000021b217b4920, 0x0000021b217b1680, 0x0000021b217b5d60, 0x0000021b217b2fd0,
0x0000021b217b39f0, 0x0000021b217b5340, 0x0000021b217b34e0, 0x0000021b217b5850,
0x0000021b217b6270, 0x0000021b217b3f00, 0x0000021b217a6670, 0x0000021b217a6b80,
0x0000021b217a75a0, 0x0000021b217a5230, 0x0000021b217a7ab0, 0x0000021b217a7090,
0x0000021b217a4d20, 0x0000021b217a5c50, 0x0000021b217a8ef0, 0x0000021b217a7fc0,
0x0000021b217a84d0, 0x0000021b217a6160, 0x0000021b217aa330, 0x0000021b217ab260,
0x0000021b206d5a20, 0x0000021b206d7880, 0x0000021b206d7d90, 0x0000021b206d87b0,
0x0000021b206d8cc0, 0x0000021b228c56d0, 0x0000021b228c7530, 0x0000021b228c7a40,
0x0000021b228c5be0, 0x0000021b228c6600, 0x0000021b228c47a0, 0x0000021b228c6b10,
0x0000021b228c60f0, 0x0000021b228c7020, 0x0000021b228c4290, 0x0000021b228c7f50,
0x0000021b228c8460, 0x0000021b228c4cb0, 0x0000021b228c8970, 0x0000021b228c51c0,
0x0000021b228cb700, 0x0000021b228cbc10, 0x0000021b228c8e80, 0x0000021b228c9db0,
0x0000021b228ca2c0, 0x0000021b228c9390, 0x0000021b228ca7d0, 0x0000021b228c98a0,
0x0000021b228cace0, 0x0000021b228cb1f0, 0x0000021b1fb5aae0, 0x0000021b206d5f30,
0x0000021b21b62c60, 0x0000021b23825260, 0x0000021b23825770, 0x0000021b23825c80,
0x0000021b238275d0, 0x0000021b23826190, 0x0000021b23827ae0, 0x0000021b238266a0,
0x0000021b23824330, 0x0000021b23827ff0, 0x0000021b23824d50, 0x0000021b23826bb0,
0x0000021b238270c0, 0x0000021b23824840, 0x0000021b2382a360, 0x0000021b2382ad80,
0x0000021b23829430, 0x0000021b2382bcb0, 0x0000021b23828f20, 0x0000021b23828a10,
0x0000021b2382b290, 0x0000021b2382b7a0, 0x0000021b23829940, 0x0000021b23829e50,
0x0000021b2382a870, 0x0000021b23828500, 0x0000021b1fc26d50, 0x0000021b1fc27c80,
0x0000021b1fc286a0, 0x0000021b1fc26330, 0x0000021b1fc27770, 0x0000021b1fc27260,
0x0000021b1fc28190, 0x0000021b1fc28bb0, 0x0000021b1fc290c0, 0x0000021b1fc29ae0,
0x0000021b1fc29ff0, 0x0000021b1fc26840, 0x0000021b1fc2aa10, 0x0000021b1fc2af20,
0x0000021b1fc2d290, 0x0000021b1fc2b430, 0x0000021b1fc2be50, 0x0000021b1fc2c360,
0x0000021b1fc2cd80, 0x0000021b2a34f680, 0x0000021b2a3514e0
}

Java Threads: ( => current thread )
  0x0000021b614a91d0 JavaThread "main" [_thread_blocked, id=31448, stack(0x000000e18fb00000,0x000000e18fc00000)]
  0x0000021b7fad8480 JavaThread "Reference Handler" daemon [_thread_blocked, id=39344, stack(0x000000e190200000,0x000000e190300000)]
  0x0000021b7fad9ac0 JavaThread "Finalizer" daemon [_thread_blocked, id=31904, stack(0x000000e190300000,0x000000e190400000)]
  0x0000021b7faf29c0 JavaThread "Signal Dispatcher" daemon [_thread_blocked, id=34436, stack(0x000000e190400000,0x000000e190500000)]
  0x0000021b7faf42a0 JavaThread "Attach Listener" daemon [_thread_blocked, id=27124, stack(0x000000e190500000,0x000000e190600000)]
  0x0000021b7faf4b70 JavaThread "Service Thread" daemon [_thread_blocked, id=40700, stack(0x000000e190600000,0x000000e190700000)]
  0x0000021b7faf9460 JavaThread "Monitor Deflation Thread" daemon [_thread_blocked, id=9376, stack(0x000000e190700000,0x000000e190800000)]
  0x0000021b7fafbb50 JavaThread "C2 CompilerThread0" daemon [_thread_blocked, id=35780, stack(0x000000e190800000,0x000000e190900000)]
  0x0000021b7fb2c9e0 JavaThread "C1 CompilerThread0" daemon [_thread_blocked, id=38316, stack(0x000000e190900000,0x000000e190a00000)]
  0x0000021b7fb4e2b0 JavaThread "Sweeper thread" daemon [_thread_blocked, id=31052, stack(0x000000e190a00000,0x000000e190b00000)]
  0x0000021b1f0d3370 JavaThread "Common-Cleaner" daemon [_thread_blocked, id=21680, stack(0x000000e190b00000,0x000000e190c00000)]
  0x0000021b1f1e70d0 JavaThread "Notification Thread" daemon [_thread_blocked, id=18864, stack(0x000000e190c00000,0x000000e190d00000)]
  0x0000021b1fb948a0 JavaThread "Daemon health stats" [_thread_blocked, id=38088, stack(0x000000e191200000,0x000000e191300000)]
  0x0000021b1fe07a40 JavaThread "Incoming local TCP Connector on port 59785" [_thread_in_native, id=36792, stack(0x000000e191300000,0x000000e191400000)]
  0x0000021b20832b50 JavaThread "Daemon periodic checks" [_thread_blocked, id=39568, stack(0x000000e191400000,0x000000e191500000)]
  0x0000021b1f185a00 JavaThread "Daemon" [_thread_blocked, id=17656, stack(0x000000e191500000,0x000000e191600000)]
  0x0000021b206d82a0 JavaThread "Daemon worker" [_thread_blocked, id=30112, stack(0x000000e191800000,0x000000e191900000)]
  0x0000021b206d6440 JavaThread "Cache worker for journal cache (C:\Users\user\.gradle\caches\journal-1)" [_thread_blocked, id=15476, stack(0x000000e192100000,0x000000e192200000)]
  0x0000021b206d6950 JavaThread "File lock request listener" [_thread_in_native, id=31340, stack(0x000000e192200000,0x000000e192300000)]
  0x0000021b206d7370 JavaThread "Cache worker for file hash cache (C:\Users\user\.gradle\caches\8.8\fileHashes)" [_thread_blocked, id=29016, stack(0x000000e192300000,0x000000e192400000)]
  0x0000021b206d6e60 JavaThread "File watcher server" daemon [_thread_blocked, id=31812, stack(0x000000e192500000,0x000000e192600000)]
  0x0000021b206d91d0 JavaThread "File watcher consumer" daemon [_thread_blocked, id=20148, stack(0x000000e192600000,0x000000e192700000)]
  0x0000021b217b20a0 JavaThread "Cache worker for file content cache (C:\Users\user\.gradle\caches\8.8\fileContent)" [_thread_blocked, id=37332, stack(0x000000e192a00000,0x000000e192b00000)]
  0x0000021b217b0c60 JavaThread "File lock release action executor" [_thread_blocked, id=22668, stack(0x000000e192d00000,0x000000e192e00000)]
  0x0000021b217b1170 JavaThread "jar transforms" [_thread_blocked, id=37304, stack(0x000000e192e00000,0x000000e192f00000)]
  0x0000021b217a5740 JavaThread "Memory manager" [_thread_blocked, id=25888, stack(0x000000e195700000,0x000000e195800000)]
  0x0000021b217aa840 JavaThread "ForkJoinPool.commonPool-worker-1" daemon [_thread_blocked, id=3552, stack(0x000000e195a00000,0x000000e195b00000)]
  0x0000021b217a9e20 JavaThread "ForkJoinPool.commonPool-worker-2" daemon [_thread_blocked, id=28840, stack(0x000000e195b00000,0x000000e195c00000)]
  0x0000021b217ab770 JavaThread "ForkJoinPool.commonPool-worker-3" daemon [_thread_blocked, id=7920, stack(0x000000e195c00000,0x000000e195d00000)]
  0x0000021b217abc80 JavaThread "ForkJoinPool.commonPool-worker-4" daemon [_thread_blocked, id=35444, stack(0x000000e195d00000,0x000000e195e00000)]
  0x0000021b217a9400 JavaThread "ForkJoinPool.commonPool-worker-5" daemon [_thread_blocked, id=34812, stack(0x000000e195e00000,0x000000e195f00000)]
  0x0000021b217ac190 JavaThread "ForkJoinPool.commonPool-worker-7" daemon [_thread_blocked, id=24436, stack(0x000000e195f00000,0x000000e196000000)]
  0x0000021b217aad50 JavaThread "ForkJoinPool.commonPool-worker-6" daemon [_thread_blocked, id=40536, stack(0x000000e196000000,0x000000e196100000)]
  0x0000021b217ac6a0 JavaThread "ForkJoinPool.commonPool-worker-8" daemon [_thread_blocked, id=15576, stack(0x000000e196100000,0x000000e196200000)]
  0x0000021b21b6a0d0 JavaThread "jar transforms Thread 2" [_thread_blocked, id=28944, stack(0x000000e19b500000,0x000000e19b600000)]
  0x0000021b21b63170 JavaThread "Handler for socket connection from /127.0.0.1:59785 to /127.0.0.1:56816" [_thread_in_native, id=936, stack(0x000000e18f900000,0x000000e18fa00000)]
  0x0000021b21b63b90 JavaThread "Cancel handler" [_thread_blocked, id=9456, stack(0x000000e18fa00000,0x000000e18fb00000)]
  0x0000021b21b64ac0 JavaThread "Asynchronous log dispatcher for DefaultDaemonConnection: socket connection from /127.0.0.1:59785 to /127.0.0.1:56816" [_thread_blocked, id=32464, stack(0x000000e191600000,0x000000e191700000)]
  0x0000021b21b654e0 JavaThread "Stdin handler" [_thread_blocked, id=30744, stack(0x000000e191700000,0x000000e191800000)]
  0x0000021b21b659f0 JavaThread "Daemon client event forwarder" [_thread_blocked, id=9196, stack(0x000000e191900000,0x000000e191a00000)]
  0x0000021b21b640a0 JavaThread "Cache worker for file hash cache (C:\Users\user\Downloads\Forge intern\FIC Manager App\frontend\android\.gradle\8.8\fileHashes)" [_thread_blocked, id=39244, stack(0x000000e191a00000,0x000000e191b00000)]
  0x0000021b21b66920 JavaThread "Cache worker for checksums cache (C:\Users\user\Downloads\Forge intern\FIC Manager App\frontend\android\.gradle\8.8\checksums)" [_thread_blocked, id=36844, stack(0x000000e191b00000,0x000000e191c00000)]
  0x0000021b21b66410 JavaThread "Cache worker for cache directory md-rule (C:\Users\user\.gradle\caches\8.8\md-rule)" [_thread_blocked, id=33276, stack(0x000000e192400000,0x000000e192500000)]
  0x0000021b21b645b0 JavaThread "Cache worker for cache directory md-supplier (C:\Users\user\.gradle\caches\8.8\md-supplier)" [_thread_blocked, id=31300, stack(0x000000e192900000,0x000000e192a00000)]
  0x0000021b21b65f00 JavaThread "Unconstrained build operations" [_thread_blocked, id=40084, stack(0x000000e192b00000,0x000000e192c00000)]
  0x0000021b21b66e30 JavaThread "Unconstrained build operations Thread 2" [_thread_blocked, id=25880, stack(0x000000e192c00000,0x000000e192d00000)]
  0x0000021b21b64fd0 JavaThread "Unconstrained build operations Thread 3" [_thread_blocked, id=18024, stack(0x000000e192f00000,0x000000e193000000)]
  0x0000021b21b63680 JavaThread "Unconstrained build operations Thread 4" [_thread_blocked, id=32784, stack(0x000000e193000000,0x000000e193100000)]
  0x0000021b21b67d60 JavaThread "Cache worker for Build Output Cleanup Cache (C:\Users\user\Downloads\Forge intern\FIC Manager App\frontend\node_modules\@react-native\gradle-plugin\.gradle\buildOutputCleanup)" [_thread_blocked, id=35696, stack(0x000000e193100000,0x000000e193200000)]
  0x0000021b21b6a5e0 JavaThread "Unconstrained build operations Thread 5" [_thread_blocked, id=36540, stack(0x000000e193200000,0x000000e193300000)]
  0x0000021b21b67340 JavaThread "Unconstrained build operations Thread 6" [_thread_blocked, id=32820, stack(0x000000e193300000,0x000000e193400000)]
  0x0000021b21b68270 JavaThread "Unconstrained build operations Thread 7" [_thread_blocked, id=31400, stack(0x000000e193400000,0x000000e193500000)]
  0x0000021b21b67850 JavaThread "Unconstrained build operations Thread 8" [_thread_blocked, id=27624, stack(0x000000e193500000,0x000000e193600000)]
  0x0000021b21b69bc0 JavaThread "Unconstrained build operations Thread 9" [_thread_blocked, id=40268, stack(0x000000e193600000,0x000000e193700000)]
  0x0000021b21b68780 JavaThread "Unconstrained build operations Thread 10" [_thread_blocked, id=13536, stack(0x000000e193700000,0x000000e193800000)]
  0x0000021b21b68c90 JavaThread "Unconstrained build operations Thread 11" [_thread_blocked, id=34732, stack(0x000000e193800000,0x000000e193900000)]
  0x0000021b21b691a0 JavaThread "Unconstrained build operations Thread 12" [_thread_blocked, id=32172, stack(0x000000e193900000,0x000000e193a00000)]
  0x0000021b1fb5a0c0 JavaThread "Unconstrained build operations Thread 13" [_thread_blocked, id=40312, stack(0x000000e193a00000,0x000000e193b00000)]
  0x0000021b1fb596a0 JavaThread "Unconstrained build operations Thread 14" [_thread_blocked, id=35652, stack(0x000000e193b00000,0x000000e193c00000)]
  0x0000021b1fb5b500 JavaThread "Unconstrained build operations Thread 15" [_thread_blocked, id=27400, stack(0x000000e193c00000,0x000000e193d00000)]
  0x0000021b1fb59190 JavaThread "Unconstrained build operations Thread 16" [_thread_blocked, id=40664, stack(0x000000e193d00000,0x000000e193e00000)]
  0x0000021b1fb5c940 JavaThread "Unconstrained build operations Thread 17" [_thread_blocked, id=37972, stack(0x000000e193e00000,0x000000e193f00000)]
  0x0000021b1fb5d870 JavaThread "Unconstrained build operations Thread 18" [_thread_blocked, id=31912, stack(0x000000e193f00000,0x000000e194000000)]
  0x0000021b1fb5dd80 JavaThread "Unconstrained build operations Thread 19" [_thread_blocked, id=20236, stack(0x000000e194000000,0x000000e194100000)]
  0x0000021b1fb5aff0 JavaThread "Unconstrained build operations Thread 20" [_thread_blocked, id=38732, stack(0x000000e194100000,0x000000e194200000)]
  0x0000021b1fb5a5d0 JavaThread "Unconstrained build operations Thread 21" [_thread_blocked, id=39356, stack(0x000000e194200000,0x000000e194300000)]
  0x0000021b1fb5f1c0 JavaThread "Unconstrained build operations Thread 22" [_thread_blocked, id=13452, stack(0x000000e194300000,0x000000e194400000)]
  0x0000021b1fb5ba10 JavaThread "Unconstrained build operations Thread 23" [_thread_blocked, id=38524, stack(0x000000e194400000,0x000000e194500000)]
  0x0000021b1fb5e290 JavaThread "Unconstrained build operations Thread 24" [_thread_blocked, id=26128, stack(0x000000e194500000,0x000000e194600000)]
  0x0000021b1fb5e7a0 JavaThread "Unconstrained build operations Thread 25" [_thread_blocked, id=36472, stack(0x000000e194600000,0x000000e194700000)]
  0x0000021b1fb5f6d0 JavaThread "Unconstrained build operations Thread 26" [_thread_blocked, id=17348, stack(0x000000e194700000,0x000000e194800000)]
  0x0000021b1fb5bf20 JavaThread "build event listener" [_thread_blocked, id=29588, stack(0x000000e194800000,0x000000e194900000)]
  0x0000021b1fb5c430 JavaThread "included builds" [_thread_blocked, id=36156, stack(0x000000e194900000,0x000000e194a00000)]
  0x0000021b1fb5ce50 JavaThread "Execution worker" [_thread_blocked, id=29088, stack(0x000000e194a00000,0x000000e194b00000)]
  0x0000021b1fb5d360 JavaThread "Execution worker Thread 2" [_thread_blocked, id=35940, stack(0x000000e194b00000,0x000000e194c00000)]
  0x0000021b1fb59bb0 JavaThread "Execution worker Thread 3" [_thread_blocked, id=39604, stack(0x000000e194c00000,0x000000e194d00000)]
  0x0000021b1fb5fbe0 JavaThread "Execution worker Thread 4" [_thread_blocked, id=40028, stack(0x000000e194d00000,0x000000e194e00000)]
  0x0000021b1fb600f0 JavaThread "Execution worker Thread 5" [_thread_blocked, id=31196, stack(0x000000e194e00000,0x000000e194f00000)]
  0x0000021b1fb60600 JavaThread "Execution worker Thread 6" [_thread_blocked, id=40352, stack(0x000000e194f00000,0x000000e195000000)]
  0x0000021b1fb60b10 JavaThread "Execution worker Thread 7" [_thread_blocked, id=32852, stack(0x000000e195000000,0x000000e195100000)]
  0x0000021b217b25b0 JavaThread "Execution worker Thread 8" [_thread_blocked, id=37376, stack(0x000000e195100000,0x000000e195200000)]
  0x0000021b217afd30 JavaThread "Execution worker Thread 9" [_thread_blocked, id=15924, stack(0x000000e195200000,0x000000e195300000)]
  0x0000021b217b1b90 JavaThread "Execution worker Thread 10" [_thread_blocked, id=33024, stack(0x000000e195300000,0x000000e195400000)]
  0x0000021b217b0240 JavaThread "Execution worker Thread 11" [_thread_blocked, id=28324, stack(0x000000e195400000,0x000000e195500000)]
  0x0000021b217af310 JavaThread "Cache worker for execution history cache (C:\Users\user\Downloads\Forge intern\FIC Manager App\frontend\node_modules\@react-native\gradle-plugin\.gradle\8.8\executionHistory)" [_thread_blocked, id=35716, stack(0x000000e195500000,0x000000e195600000)]
  0x0000021b217b4410 JavaThread "Unconstrained build operations Thread 27" [_thread_blocked, id=26324, stack(0x000000e195600000,0x000000e195700000)]
  0x0000021b217b4e30 JavaThread "Unconstrained build operations Thread 28" [_thread_blocked, id=24392, stack(0x000000e196200000,0x000000e196300000)]
  0x0000021b217b2ac0 JavaThread "Unconstrained build operations Thread 29" [_thread_blocked, id=40560, stack(0x000000e196300000,0x000000e196400000)]
  0x0000021b217b4920 JavaThread "Unconstrained build operations Thread 30" [_thread_blocked, id=34024, stack(0x000000e196400000,0x000000e196500000)]
  0x0000021b217b1680 JavaThread "Unconstrained build operations Thread 31" [_thread_blocked, id=31872, stack(0x000000e196600000,0x000000e196700000)]
  0x0000021b217b5d60 JavaThread "Unconstrained build operations Thread 32" [_thread_blocked, id=39676, stack(0x000000e196700000,0x000000e196800000)]
  0x0000021b217b2fd0 JavaThread "Unconstrained build operations Thread 33" [_thread_blocked, id=34456, stack(0x000000e196800000,0x000000e196900000)]
  0x0000021b217b39f0 JavaThread "Unconstrained build operations Thread 34" [_thread_blocked, id=34256, stack(0x000000e196900000,0x000000e196a00000)]
  0x0000021b217b5340 JavaThread "Unconstrained build operations Thread 35" [_thread_blocked, id=7376, stack(0x000000e196a00000,0x000000e196b00000)]
  0x0000021b217b34e0 JavaThread "Unconstrained build operations Thread 36" [_thread_blocked, id=36596, stack(0x000000e196b00000,0x000000e196c00000)]
  0x0000021b217b5850 JavaThread "Unconstrained build operations Thread 37" [_thread_blocked, id=26772, stack(0x000000e196c00000,0x000000e196d00000)]
  0x0000021b217b6270 JavaThread "Unconstrained build operations Thread 38" [_thread_blocked, id=34284, stack(0x000000e196d00000,0x000000e196e00000)]
  0x0000021b217b3f00 JavaThread "Unconstrained build operations Thread 39" [_thread_blocked, id=37428, stack(0x000000e196e00000,0x000000e196f00000)]
  0x0000021b217a6670 JavaThread "Unconstrained build operations Thread 40" [_thread_blocked, id=9780, stack(0x000000e196f00000,0x000000e197000000)]
  0x0000021b217a6b80 JavaThread "Unconstrained build operations Thread 41" [_thread_blocked, id=24836, stack(0x000000e197000000,0x000000e197100000)]
  0x0000021b217a75a0 JavaThread "Unconstrained build operations Thread 42" [_thread_blocked, id=28388, stack(0x000000e197100000,0x000000e197200000)]
  0x0000021b217a5230 JavaThread "Unconstrained build operations Thread 43" [_thread_blocked, id=35500, stack(0x000000e197200000,0x000000e197300000)]
  0x0000021b217a7ab0 JavaThread "Unconstrained build operations Thread 44" [_thread_blocked, id=10924, stack(0x000000e197300000,0x000000e197400000)]
  0x0000021b217a7090 JavaThread "Unconstrained build operations Thread 45" [_thread_blocked, id=29844, stack(0x000000e197400000,0x000000e197500000)]
  0x0000021b217a4d20 JavaThread "Unconstrained build operations Thread 46" [_thread_blocked, id=8388, stack(0x000000e197500000,0x000000e197600000)]
  0x0000021b217a5c50 JavaThread "Unconstrained build operations Thread 47" [_thread_blocked, id=1836, stack(0x000000e197600000,0x000000e197700000)]
  0x0000021b217a8ef0 JavaThread "Unconstrained build operations Thread 48" [_thread_blocked, id=39136, stack(0x000000e197700000,0x000000e197800000)]
  0x0000021b217a7fc0 JavaThread "Unconstrained build operations Thread 49" [_thread_blocked, id=32376, stack(0x000000e197800000,0x000000e197900000)]
  0x0000021b217a84d0 JavaThread "Unconstrained build operations Thread 50" [_thread_blocked, id=31268, stack(0x000000e197900000,0x000000e197a00000)]
  0x0000021b217a6160 JavaThread "Unconstrained build operations Thread 51" [_thread_blocked, id=4652, stack(0x000000e197a00000,0x000000e197b00000)]
  0x0000021b217aa330 JavaThread "Unconstrained build operations Thread 52" [_thread_blocked, id=32216, stack(0x000000e197b00000,0x000000e197c00000)]
  0x0000021b217ab260 JavaThread "Unconstrained build operations Thread 53" [_thread_blocked, id=33212, stack(0x000000e197c00000,0x000000e197d00000)]
  0x0000021b206d5a20 JavaThread "Unconstrained build operations Thread 54" [_thread_blocked, id=37168, stack(0x000000e197d00000,0x000000e197e00000)]
  0x0000021b206d7880 JavaThread "Unconstrained build operations Thread 55" [_thread_blocked, id=34672, stack(0x000000e197e00000,0x000000e197f00000)]
  0x0000021b206d7d90 JavaThread "Unconstrained build operations Thread 56" [_thread_blocked, id=21552, stack(0x000000e197f00000,0x000000e198000000)]
  0x0000021b206d87b0 JavaThread "Unconstrained build operations Thread 57" [_thread_blocked, id=16504, stack(0x000000e198000000,0x000000e198100000)]
  0x0000021b206d8cc0 JavaThread "Unconstrained build operations Thread 58" [_thread_blocked, id=30608, stack(0x000000e198100000,0x000000e198200000)]
  0x0000021b228c56d0 JavaThread "Unconstrained build operations Thread 59" [_thread_blocked, id=21416, stack(0x000000e198200000,0x000000e198300000)]
  0x0000021b228c7530 JavaThread "Unconstrained build operations Thread 60" [_thread_blocked, id=34460, stack(0x000000e198300000,0x000000e198400000)]
  0x0000021b228c7a40 JavaThread "Unconstrained build operations Thread 61" [_thread_blocked, id=26752, stack(0x000000e198400000,0x000000e198500000)]
  0x0000021b228c5be0 JavaThread "Cache worker for Build Output Cleanup Cache (C:\Users\user\Downloads\Forge intern\FIC Manager App\frontend\android\.gradle\buildOutputCleanup)" [_thread_blocked, id=16092, stack(0x000000e18f800000,0x000000e18f900000)]
  0x0000021b228c6600 JavaThread "jar transforms Thread 3" [_thread_blocked, id=36556, stack(0x000000e195800000,0x000000e195900000)]
  0x0000021b228c47a0 JavaThread "Unconstrained build operations Thread 62" [_thread_blocked, id=18320, stack(0x000000e196500000,0x000000e196600000)]
  0x0000021b228c6b10 JavaThread "Unconstrained build operations Thread 63" [_thread_blocked, id=26796, stack(0x000000e198500000,0x000000e198600000)]
  0x0000021b228c60f0 JavaThread "Unconstrained build operations Thread 64" [_thread_blocked, id=32152, stack(0x000000e198600000,0x000000e198700000)]
  0x0000021b228c7020 JavaThread "Unconstrained build operations Thread 65" [_thread_blocked, id=8640, stack(0x000000e198700000,0x000000e198800000)]
  0x0000021b228c4290 JavaThread "Unconstrained build operations Thread 66" [_thread_blocked, id=30648, stack(0x000000e198800000,0x000000e198900000)]
  0x0000021b228c7f50 JavaThread "Unconstrained build operations Thread 67" [_thread_blocked, id=31624, stack(0x000000e198900000,0x000000e198a00000)]
  0x0000021b228c8460 JavaThread "Unconstrained build operations Thread 68" [_thread_blocked, id=11856, stack(0x000000e198a00000,0x000000e198b00000)]
  0x0000021b228c4cb0 JavaThread "Unconstrained build operations Thread 69" [_thread_blocked, id=34588, stack(0x000000e198b00000,0x000000e198c00000)]
  0x0000021b228c8970 JavaThread "Unconstrained build operations Thread 70" [_thread_blocked, id=12776, stack(0x000000e198c00000,0x000000e198d00000)]
  0x0000021b228c51c0 JavaThread "Unconstrained build operations Thread 71" [_thread_blocked, id=29228, stack(0x000000e198d00000,0x000000e198e00000)]
  0x0000021b228cb700 JavaThread "Unconstrained build operations Thread 72" [_thread_blocked, id=39920, stack(0x000000e198e00000,0x000000e198f00000)]
  0x0000021b228cbc10 JavaThread "Unconstrained build operations Thread 73" [_thread_blocked, id=26588, stack(0x000000e198f00000,0x000000e199000000)]
  0x0000021b228c8e80 JavaThread "Unconstrained build operations Thread 74" [_thread_blocked, id=39284, stack(0x000000e199000000,0x000000e199100000)]
  0x0000021b228c9db0 JavaThread "Unconstrained build operations Thread 75" [_thread_blocked, id=10400, stack(0x000000e199100000,0x000000e199200000)]
  0x0000021b228ca2c0 JavaThread "Unconstrained build operations Thread 76" [_thread_blocked, id=20660, stack(0x000000e199200000,0x000000e199300000)]
  0x0000021b228c9390 JavaThread "Unconstrained build operations Thread 77" [_thread_blocked, id=39488, stack(0x000000e199300000,0x000000e199400000)]
  0x0000021b228ca7d0 JavaThread "Unconstrained build operations Thread 78" [_thread_blocked, id=36728, stack(0x000000e199400000,0x000000e199500000)]
  0x0000021b228c98a0 JavaThread "Unconstrained build operations Thread 79" [_thread_blocked, id=15592, stack(0x000000e199500000,0x000000e199600000)]
  0x0000021b228cace0 JavaThread "Unconstrained build operations Thread 80" [_thread_blocked, id=13988, stack(0x000000e199600000,0x000000e199700000)]
  0x0000021b228cb1f0 JavaThread "Unconstrained build operations Thread 81" [_thread_blocked, id=26300, stack(0x000000e199700000,0x000000e199800000)]
  0x0000021b1fb5aae0 JavaThread "Unconstrained build operations Thread 82" [_thread_blocked, id=35848, stack(0x000000e199800000,0x000000e199900000)]
  0x0000021b206d5f30 JavaThread "Unconstrained build operations Thread 83" [_thread_blocked, id=12800, stack(0x000000e199900000,0x000000e199a00000)]
  0x0000021b21b62c60 JavaThread "Unconstrained build operations Thread 84" [_thread_blocked, id=7568, stack(0x000000e199a00000,0x000000e199b00000)]
  0x0000021b23825260 JavaThread "Unconstrained build operations Thread 85" [_thread_blocked, id=38596, stack(0x000000e199b00000,0x000000e199c00000)]
  0x0000021b23825770 JavaThread "Unconstrained build operations Thread 86" [_thread_blocked, id=34532, stack(0x000000e199c00000,0x000000e199d00000)]
  0x0000021b23825c80 JavaThread "Unconstrained build operations Thread 87" [_thread_blocked, id=12396, stack(0x000000e199d00000,0x000000e199e00000)]
  0x0000021b238275d0 JavaThread "Unconstrained build operations Thread 88" [_thread_blocked, id=29748, stack(0x000000e199e00000,0x000000e199f00000)]
  0x0000021b23826190 JavaThread "Unconstrained build operations Thread 89" [_thread_blocked, id=34808, stack(0x000000e199f00000,0x000000e19a000000)]
  0x0000021b23827ae0 JavaThread "Unconstrained build operations Thread 90" [_thread_blocked, id=10896, stack(0x000000e19a000000,0x000000e19a100000)]
  0x0000021b238266a0 JavaThread "Unconstrained build operations Thread 91" [_thread_blocked, id=39300, stack(0x000000e19a100000,0x000000e19a200000)]
  0x0000021b23824330 JavaThread "Unconstrained build operations Thread 92" [_thread_blocked, id=22080, stack(0x000000e19a200000,0x000000e19a300000)]
  0x0000021b23827ff0 JavaThread "Unconstrained build operations Thread 93" [_thread_blocked, id=24648, stack(0x000000e19a300000,0x000000e19a400000)]
  0x0000021b23824d50 JavaThread "Unconstrained build operations Thread 94" [_thread_blocked, id=37132, stack(0x000000e19a400000,0x000000e19a500000)]
  0x0000021b23826bb0 JavaThread "Unconstrained build operations Thread 95" [_thread_blocked, id=29160, stack(0x000000e19a500000,0x000000e19a600000)]
  0x0000021b238270c0 JavaThread "Unconstrained build operations Thread 96" [_thread_blocked, id=10228, stack(0x000000e19a600000,0x000000e19a700000)]
  0x0000021b23824840 JavaThread "Unconstrained build operations Thread 97" [_thread_blocked, id=39316, stack(0x000000e19a700000,0x000000e19a800000)]
  0x0000021b2382a360 JavaThread "Unconstrained build operations Thread 98" [_thread_blocked, id=14152, stack(0x000000e19a800000,0x000000e19a900000)]
  0x0000021b2382ad80 JavaThread "Unconstrained build operations Thread 99" [_thread_blocked, id=14000, stack(0x000000e19a900000,0x000000e19aa00000)]
  0x0000021b23829430 JavaThread "Unconstrained build operations Thread 100" [_thread_blocked, id=30564, stack(0x000000e19aa00000,0x000000e19ab00000)]
  0x0000021b2382bcb0 JavaThread "Unconstrained build operations Thread 101" [_thread_blocked, id=23356, stack(0x000000e19ab00000,0x000000e19ac00000)]
  0x0000021b23828f20 JavaThread "Unconstrained build operations Thread 102" [_thread_blocked, id=40904, stack(0x000000e19ac00000,0x000000e19ad00000)]
  0x0000021b23828a10 JavaThread "Unconstrained build operations Thread 103" [_thread_blocked, id=31288, stack(0x000000e19ad00000,0x000000e19ae00000)]
  0x0000021b2382b290 JavaThread "Unconstrained build operations Thread 104" [_thread_blocked, id=5948, stack(0x000000e19ae00000,0x000000e19af00000)]
  0x0000021b2382b7a0 JavaThread "Unconstrained build operations Thread 105" [_thread_blocked, id=12888, stack(0x000000e19af00000,0x000000e19b000000)]
  0x0000021b23829940 JavaThread "Unconstrained build operations Thread 106" [_thread_blocked, id=3300, stack(0x000000e19b000000,0x000000e19b100000)]
  0x0000021b23829e50 JavaThread "Unconstrained build operations Thread 107" [_thread_blocked, id=39000, stack(0x000000e19b100000,0x000000e19b200000)]
  0x0000021b2382a870 JavaThread "Unconstrained build operations Thread 108" [_thread_blocked, id=40828, stack(0x000000e19b200000,0x000000e19b300000)]
  0x0000021b23828500 JavaThread "Unconstrained build operations Thread 109" [_thread_blocked, id=35248, stack(0x000000e19b300000,0x000000e19b400000)]
  0x0000021b1fc26d50 JavaThread "Unconstrained build operations Thread 110" [_thread_blocked, id=31736, stack(0x000000e19b400000,0x000000e19b500000)]
  0x0000021b1fc27c80 JavaThread "Unconstrained build operations Thread 111" [_thread_blocked, id=11764, stack(0x000000e19b600000,0x000000e19b700000)]
  0x0000021b1fc286a0 JavaThread "Unconstrained build operations Thread 112" [_thread_blocked, id=39372, stack(0x000000e19b700000,0x000000e19b800000)]
  0x0000021b1fc26330 JavaThread "Unconstrained build operations Thread 113" [_thread_blocked, id=34412, stack(0x000000e19b800000,0x000000e19b900000)]
  0x0000021b1fc27770 JavaThread "Unconstrained build operations Thread 114" [_thread_blocked, id=396, stack(0x000000e19b900000,0x000000e19ba00000)]
  0x0000021b1fc27260 JavaThread "Unconstrained build operations Thread 115" [_thread_blocked, id=14484, stack(0x000000e19ba00000,0x000000e19bb00000)]
  0x0000021b1fc28190 JavaThread "jar transforms Thread 4" [_thread_blocked, id=16184, stack(0x000000e19bb00000,0x000000e19bc00000)]
  0x0000021b1fc28bb0 JavaThread "jar transforms Thread 5" [_thread_blocked, id=36400, stack(0x000000e19bc00000,0x000000e19bd00000)]
  0x0000021b1fc290c0 JavaThread "jar transforms Thread 6" [_thread_blocked, id=39352, stack(0x000000e19bd00000,0x000000e19be00000)]
  0x0000021b1fc29ae0 JavaThread "build event listener" [_thread_blocked, id=33096, stack(0x000000e19be00000,0x000000e19bf00000)]
  0x0000021b1fc29ff0 JavaThread "jar transforms Thread 7" [_thread_blocked, id=40568, stack(0x000000e19bf00000,0x000000e19c000000)]
  0x0000021b1fc26840 JavaThread "jar transforms Thread 8" [_thread_blocked, id=10732, stack(0x000000e19c000000,0x000000e19c100000)]
  0x0000021b1fc2aa10 JavaThread "jar transforms Thread 9" [_thread_blocked, id=18964, stack(0x000000e19c300000,0x000000e19c400000)]
  0x0000021b1fc2af20 JavaThread "Unconstrained build operations Thread 116" [_thread_blocked, id=36716, stack(0x000000e19c200000,0x000000e19c300000)]
  0x0000021b1fc2d290 JavaThread "Unconstrained build operations Thread 117" [_thread_blocked, id=39688, stack(0x000000e19c400000,0x000000e19c500000)]
  0x0000021b1fc2b430 JavaThread "Unconstrained build operations Thread 118" [_thread_blocked, id=37632, stack(0x000000e19c500000,0x000000e19c600000)]
  0x0000021b1fc2be50 JavaThread "Unconstrained build operations Thread 119" [_thread_blocked, id=35108, stack(0x000000e19c600000,0x000000e19c700000)]
  0x0000021b1fc2c360 JavaThread "Unconstrained build operations Thread 120" [_thread_blocked, id=40056, stack(0x000000e19c700000,0x000000e19c800000)]
  0x0000021b1fc2cd80 JavaThread "jar transforms Thread 10" [_thread_blocked, id=21420, stack(0x000000e19c800000,0x000000e19c900000)]
  0x0000021b2a34f680 JavaThread "jar transforms Thread 11" [_thread_blocked, id=27432, stack(0x000000e19c100000,0x000000e19c200000)]
  0x0000021b2a3514e0 JavaThread "jar transforms Thread 12" [_thread_blocked, id=14420, stack(0x000000e19c900000,0x000000e19ca00000)]

Other Threads:
=>0x0000021b7fad3c10 VMThread "VM Thread" [stack: 0x000000e190100000,0x000000e190200000] [id=27384]
  0x0000021b1f1e75b0 WatcherThread [stack: 0x000000e190d00000,0x000000e190e00000] [id=29044]
  0x0000021b61505c70 GCTaskThread "GC Thread#0" [stack: 0x000000e18fc00000,0x000000e18fd00000] [id=27980]
  0x0000021b1f56eff0 GCTaskThread "GC Thread#1" [stack: 0x000000e190e00000,0x000000e190f00000] [id=32288]
  0x0000021b1f37cc50 GCTaskThread "GC Thread#2" [stack: 0x000000e190f00000,0x000000e191000000] [id=21356]
  0x0000021b1faaa350 GCTaskThread "GC Thread#3" [stack: 0x000000e191000000,0x000000e191100000] [id=37696]
  0x0000021b1fc40bb0 GCTaskThread "GC Thread#4" [stack: 0x000000e191100000,0x000000e191200000] [id=6788]
  0x0000021b20658ef0 GCTaskThread "GC Thread#5" [stack: 0x000000e191c00000,0x000000e191d00000] [id=33380]
  0x0000021b207186d0 GCTaskThread "GC Thread#6" [stack: 0x000000e191d00000,0x000000e191e00000] [id=22800]
  0x0000021b206dae00 GCTaskThread "GC Thread#7" [stack: 0x000000e191e00000,0x000000e191f00000] [id=20356]
  0x0000021b20852430 GCTaskThread "GC Thread#8" [stack: 0x000000e191f00000,0x000000e192000000] [id=17092]
  0x0000021b1f256a20 GCTaskThread "GC Thread#9" [stack: 0x000000e192000000,0x000000e192100000] [id=5064]
  0x0000021b61516ad0 ConcurrentGCThread "G1 Main Marker" [stack: 0x000000e18fd00000,0x000000e18fe00000] [id=12804]
  0x0000021b615173f0 ConcurrentGCThread "G1 Conc#0" [stack: 0x000000e18fe00000,0x000000e18ff00000] [id=32360]
  0x0000021b20b65a80 ConcurrentGCThread "G1 Conc#1" [stack: 0x000000e192700000,0x000000e192800000] [id=34676]
  0x0000021b1fd53fd0 ConcurrentGCThread "G1 Conc#2" [stack: 0x000000e192800000,0x000000e192900000] [id=31472]
  0x0000021b6156e840 ConcurrentGCThread "G1 Refine#0" [stack: 0x000000e18ff00000,0x000000e190000000] [id=37284]
  0x0000021b7f98bb10 ConcurrentGCThread "G1 Service" [stack: 0x000000e190000000,0x000000e190100000] [id=37280]

Threads with active compile tasks:

VM state: at safepoint (normal execution)

VM Mutex/Monitor currently owned by a thread:  ([mutex/lock_event])
[0x0000021b614a3010] Threads_lock - owner thread: 0x0000021b7fad3c10
[0x0000021b614a4600] Heap_lock - owner thread: 0x0000021b61516ad0

Heap address: 0x0000000080000000, size: 2048 MB, Compressed Oops mode: 32-bit

CDS archive(s) mapped at: [0x0000021b00000000-0x0000021b00bd0000-0x0000021b00bd0000), size 12386304, SharedBaseAddress: 0x0000021b00000000, ArchiveRelocationMode: 1.
Compressed class space mapped at: 0x0000021b01000000-0x0000021b1b000000, reserved size: 436207616
Narrow klass base: 0x0000021b00000000, Narrow klass shift: 0, Narrow klass range: 0x100000000

GC Precious Log:
 CPUs: 12 total, 12 available
 Memory: 7913M
 Large Page Support: Disabled
 NUMA Support: Disabled
 Compressed Oops: Enabled (32-bit)
 Heap Region Size: 1M
 Heap Min Capacity: 8M
 Heap Initial Capacity: 124M
 Heap Max Capacity: 2G
 Pre-touch: Disabled
 Parallel Workers: 10
 Concurrent Workers: 3
 Concurrent Refinement Workers: 10
 Periodic GC: Disabled

Heap:
 garbage-first heap   total 233472K, used 194103K [0x0000000080000000, 0x0000000100000000)
  region size 1024K, 14 young (14336K), 2 survivors (2048K)
 Metaspace       used 105465K, committed 106624K, reserved 557056K
  class space    used 14706K, committed 15232K, reserved 425984K

Heap Regions: E=young(eden), S=young(survivor), O=old, HS=humongous(starts), HC=humongous(continues), CS=collection set, F=free, OA=open archive, CA=closed archive, TAMS=top-at-mark-start (previous, next)
|   0|0x0000000080000000, 0x0000000080100000, 0x0000000080100000|100%|HS|  |TAMS 0x0000000080100000, 0x0000000080000000| Complete 
|   1|0x0000000080100000, 0x0000000080200000, 0x0000000080200000|100%|HC|  |TAMS 0x0000000080200000, 0x0000000080100000| Complete 
|   2|0x0000000080200000, 0x0000000080300000, 0x0000000080300000|100%|HC|  |TAMS 0x0000000080300000, 0x0000000080200000| Complete 
|   3|0x0000000080300000, 0x0000000080400000, 0x0000000080400000|100%|HC|  |TAMS 0x0000000080400000, 0x0000000080300000| Complete 
|   4|0x0000000080400000, 0x0000000080500000, 0x0000000080500000|100%| O|  |TAMS 0x0000000080500000, 0x0000000080400000| Untracked 
|   5|0x0000000080500000, 0x0000000080600000, 0x0000000080600000|100%| O|  |TAMS 0x0000000080600000, 0x0000000080500000| Untracked 
|   6|0x0000000080600000, 0x0000000080700000, 0x0000000080700000|100%| O|  |TAMS 0x0000000080700000, 0x0000000080600000| Untracked 
|   7|0x0000000080700000, 0x0000000080800000, 0x0000000080800000|100%| O|  |TAMS 0x0000000080800000, 0x0000000080700000| Updating 
|   8|0x0000000080800000, 0x0000000080900000, 0x0000000080900000|100%| O|  |TAMS 0x0000000080900000, 0x0000000080800000| Untracked 
|   9|0x0000000080900000, 0x0000000080a00000, 0x0000000080a00000|100%| O|  |TAMS 0x0000000080a00000, 0x0000000080900000| Untracked 
|  10|0x0000000080a00000, 0x0000000080b00000, 0x0000000080b00000|100%| O|  |TAMS 0x0000000080b00000, 0x0000000080a00000| Updating 
|  11|0x0000000080b00000, 0x0000000080c00000, 0x0000000080c00000|100%|HS|  |TAMS 0x0000000080c00000, 0x0000000080b00000| Complete 
|  12|0x0000000080c00000, 0x0000000080d00000, 0x0000000080d00000|100%| O|  |TAMS 0x0000000080d00000, 0x0000000080c00000| Untracked 
|  13|0x0000000080d00000, 0x0000000080e00000, 0x0000000080e00000|100%| O|  |TAMS 0x0000000080e00000, 0x0000000080d00000| Untracked 
|  14|0x0000000080e00000, 0x0000000080f00000, 0x0000000080f00000|100%| O|  |TAMS 0x0000000080f00000, 0x0000000080e00000| Untracked 
|  15|0x0000000080f00000, 0x0000000081000000, 0x0000000081000000|100%| O|  |TAMS 0x0000000081000000, 0x0000000080f00000| Untracked 
|  16|0x0000000081000000, 0x0000000081100000, 0x0000000081100000|100%| O|  |TAMS 0x0000000081100000, 0x0000000081000000| Untracked 
|  17|0x0000000081100000, 0x0000000081200000, 0x0000000081200000|100%| O|  |TAMS 0x0000000081200000, 0x0000000081100000| Untracked 
|  18|0x0000000081200000, 0x0000000081300000, 0x0000000081300000|100%| O|  |TAMS 0x0000000081300000, 0x0000000081200000| Untracked 
|  19|0x0000000081300000, 0x00000000813d3e00, 0x0000000081400000| 82%| O|  |TAMS 0x00000000813d3e00, 0x0000000081300000| Updating 
|  20|0x0000000081400000, 0x0000000081500000, 0x0000000081500000|100%| O|  |TAMS 0x0000000081500000, 0x0000000081400000| Untracked 
|  21|0x0000000081500000, 0x0000000081600000, 0x0000000081600000|100%| O|  |TAMS 0x0000000081600000, 0x0000000081500000| Untracked 
|  22|0x0000000081600000, 0x0000000081700000, 0x0000000081700000|100%| O|  |TAMS 0x0000000081700000, 0x0000000081600000| Untracked 
|  23|0x0000000081700000, 0x0000000081800000, 0x0000000081800000|100%| O|  |TAMS 0x0000000081800000, 0x0000000081700000| Updating 
|  24|0x0000000081800000, 0x0000000081900000, 0x0000000081900000|100%| O|  |TAMS 0x0000000081900000, 0x0000000081800000| Updating 
|  25|0x0000000081900000, 0x0000000081a00000, 0x0000000081a00000|100%| O|  |TAMS 0x0000000081a00000, 0x0000000081900000| Updating 
|  26|0x0000000081a00000, 0x0000000081b00000, 0x0000000081b00000|100%| O|  |TAMS 0x0000000081b00000, 0x0000000081a00000| Updating 
|  27|0x0000000081b00000, 0x0000000081c00000, 0x0000000081c00000|100%| O|  |TAMS 0x0000000081c00000, 0x0000000081b00000| Updating 
|  28|0x0000000081c00000, 0x0000000081d00000, 0x0000000081d00000|100%| O|  |TAMS 0x0000000081d00000, 0x0000000081c00000| Untracked 
|  29|0x0000000081d00000, 0x0000000081e00000, 0x0000000081e00000|100%| O|  |TAMS 0x0000000081e00000, 0x0000000081d00000| Updating 
|  30|0x0000000081e00000, 0x0000000081f00000, 0x0000000081f00000|100%| O|  |TAMS 0x0000000081f00000, 0x0000000081e00000| Untracked 
|  31|0x0000000081f00000, 0x0000000082000000, 0x0000000082000000|100%| O|  |TAMS 0x0000000082000000, 0x0000000081f00000| Untracked 
|  32|0x0000000082000000, 0x0000000082100000, 0x0000000082100000|100%| O|  |TAMS 0x0000000082100000, 0x0000000082000000| Untracked 
|  33|0x0000000082100000, 0x0000000082200000, 0x0000000082200000|100%| O|  |TAMS 0x0000000082200000, 0x0000000082100000| Untracked 
|  34|0x0000000082200000, 0x0000000082300000, 0x0000000082300000|100%| O|  |TAMS 0x0000000082300000, 0x0000000082200000| Updating 
|  35|0x0000000082300000, 0x0000000082400000, 0x0000000082400000|100%| O|  |TAMS 0x0000000082400000, 0x0000000082300000| Updating 
|  36|0x0000000082400000, 0x0000000082500000, 0x0000000082500000|100%| O|  |TAMS 0x0000000082500000, 0x0000000082400000| Updating 
|  37|0x0000000082500000, 0x0000000082600000, 0x0000000082600000|100%| O|  |TAMS 0x0000000082600000, 0x0000000082500000| Untracked 
|  38|0x0000000082600000, 0x0000000082700000, 0x0000000082700000|100%| O|  |TAMS 0x0000000082700000, 0x0000000082600000| Updating 
|  39|0x0000000082700000, 0x0000000082800000, 0x0000000082800000|100%| O|  |TAMS 0x0000000082800000, 0x0000000082700000| Updating 
|  40|0x0000000082800000, 0x0000000082900000, 0x0000000082900000|100%| O|  |TAMS 0x0000000082900000, 0x0000000082800000| Updating 
|  41|0x0000000082900000, 0x0000000082a00000, 0x0000000082a00000|100%| O|  |TAMS 0x0000000082a00000, 0x0000000082900000| Updating 
|  42|0x0000000082a00000, 0x0000000082b00000, 0x0000000082b00000|100%| O|  |TAMS 0x0000000082b00000, 0x0000000082a00000| Updating 
|  43|0x0000000082b00000, 0x0000000082c00000, 0x0000000082c00000|100%|HS|  |TAMS 0x0000000082c00000, 0x0000000082b00000| Complete 
|  44|0x0000000082c00000, 0x0000000082d00000, 0x0000000082d00000|100%|HC|  |TAMS 0x0000000082d00000, 0x0000000082c00000| Complete 
|  45|0x0000000082d00000, 0x0000000082e00000, 0x0000000082e00000|100%|HS|  |TAMS 0x0000000082e00000, 0x0000000082d00000| Complete 
|  46|0x0000000082e00000, 0x0000000082f00000, 0x0000000082f00000|100%|HC|  |TAMS 0x0000000082f00000, 0x0000000082e00000| Complete 
|  47|0x0000000082f00000, 0x0000000083000000, 0x0000000083000000|100%| O|  |TAMS 0x0000000083000000, 0x0000000082f00000| Updating 
|  48|0x0000000083000000, 0x0000000083100000, 0x0000000083100000|100%| O|  |TAMS 0x0000000083100000, 0x0000000083000000| Updating 
|  49|0x0000000083100000, 0x0000000083200000, 0x0000000083200000|100%| O|  |TAMS 0x0000000083200000, 0x0000000083100000| Updating 
|  50|0x0000000083200000, 0x0000000083300000, 0x0000000083300000|100%| O|  |TAMS 0x0000000083300000, 0x0000000083200000| Updating 
|  51|0x0000000083300000, 0x0000000083400000, 0x0000000083400000|100%|HS|  |TAMS 0x0000000083400000, 0x0000000083300000| Complete 
|  52|0x0000000083400000, 0x0000000083500000, 0x0000000083500000|100%|HC|  |TAMS 0x0000000083500000, 0x0000000083400000| Complete 
|  53|0x0000000083500000, 0x0000000083600000, 0x0000000083600000|100%|HC|  |TAMS 0x0000000083600000, 0x0000000083500000| Complete 
|  54|0x0000000083600000, 0x0000000083700000, 0x0000000083700000|100%|HC|  |TAMS 0x0000000083700000, 0x0000000083600000| Complete 
|  55|0x0000000083700000, 0x0000000083800000, 0x0000000083800000|100%|HS|  |TAMS 0x0000000083800000, 0x0000000083700000| Complete 
|  56|0x0000000083800000, 0x0000000083900000, 0x0000000083900000|100%|HC|  |TAMS 0x0000000083900000, 0x0000000083800000| Complete 
|  57|0x0000000083900000, 0x0000000083a00000, 0x0000000083a00000|100%|HC|  |TAMS 0x0000000083a00000, 0x0000000083900000| Complete 
|  58|0x0000000083a00000, 0x0000000083b00000, 0x0000000083b00000|100%|HC|  |TAMS 0x0000000083b00000, 0x0000000083a00000| Complete 
|  59|0x0000000083b00000, 0x0000000083c00000, 0x0000000083c00000|100%| O|  |TAMS 0x0000000083c00000, 0x0000000083b00000| Updating 
|  60|0x0000000083c00000, 0x0000000083d00000, 0x0000000083d00000|100%| O|  |TAMS 0x0000000083d00000, 0x0000000083c00000| Untracked 
|  61|0x0000000083d00000, 0x0000000083e00000, 0x0000000083e00000|100%| O|  |TAMS 0x0000000083e00000, 0x0000000083d00000| Untracked 
|  62|0x0000000083e00000, 0x0000000083f00000, 0x0000000083f00000|100%| O|  |TAMS 0x0000000083f00000, 0x0000000083e00000| Updating 
|  63|0x0000000083f00000, 0x0000000084000000, 0x0000000084000000|100%| O|  |TAMS 0x0000000084000000, 0x0000000083f00000| Updating 
|  64|0x0000000084000000, 0x0000000084100000, 0x0000000084100000|100%| O|  |TAMS 0x0000000084100000, 0x0000000084000000| Updating 
|  65|0x0000000084100000, 0x0000000084200000, 0x0000000084200000|100%| O|  |TAMS 0x0000000084200000, 0x0000000084100000| Updating 
|  66|0x0000000084200000, 0x0000000084300000, 0x0000000084300000|100%| O|  |TAMS 0x0000000084300000, 0x0000000084200000| Updating 
|  67|0x0000000084300000, 0x0000000084400000, 0x0000000084400000|100%| O|  |TAMS 0x0000000084400000, 0x0000000084300000| Updating 
|  68|0x0000000084400000, 0x0000000084500000, 0x0000000084500000|100%| O|  |TAMS 0x0000000084500000, 0x0000000084400000| Updating 
|  69|0x0000000084500000, 0x0000000084600000, 0x0000000084600000|100%| O|  |TAMS 0x0000000084600000, 0x0000000084500000| Updating 
|  70|0x0000000084600000, 0x0000000084700000, 0x0000000084700000|100%| O|  |TAMS 0x0000000084700000, 0x0000000084600000| Updating 
|  71|0x0000000084700000, 0x0000000084800000, 0x0000000084800000|100%| O|  |TAMS 0x0000000084800000, 0x0000000084700000| Updating 
|  72|0x0000000084800000, 0x0000000084900000, 0x0000000084900000|100%| O|  |TAMS 0x0000000084900000, 0x0000000084800000| Updating 
|  73|0x0000000084900000, 0x0000000084a00000, 0x0000000084a00000|100%| O|  |TAMS 0x0000000084a00000, 0x0000000084900000| Untracked 
|  74|0x0000000084a00000, 0x0000000084b00000, 0x0000000084b00000|100%| O|  |TAMS 0x0000000084b00000, 0x0000000084a00000| Untracked 
|  75|0x0000000084b00000, 0x0000000084c00000, 0x0000000084c00000|100%| O|  |TAMS 0x0000000084c00000, 0x0000000084b00000| Untracked 
|  76|0x0000000084c00000, 0x0000000084d00000, 0x0000000084d00000|100%| O|  |TAMS 0x0000000084d00000, 0x0000000084c00000| Updating 
|  77|0x0000000084d00000, 0x0000000084e00000, 0x0000000084e00000|100%| O|  |TAMS 0x0000000084e00000, 0x0000000084d00000| Untracked 
|  78|0x0000000084e00000, 0x0000000084f00000, 0x0000000084f00000|100%| O|  |TAMS 0x0000000084f00000, 0x0000000084e00000| Updating 
|  79|0x0000000084f00000, 0x0000000085000000, 0x0000000085000000|100%| O|  |TAMS 0x0000000085000000, 0x0000000084f00000| Updating 
|  80|0x0000000085000000, 0x0000000085100000, 0x0000000085100000|100%| O|  |TAMS 0x0000000085100000, 0x0000000085000000| Untracked 
|  81|0x0000000085100000, 0x0000000085200000, 0x0000000085200000|100%| O|  |TAMS 0x0000000085200000, 0x0000000085100000| Updating 
|  82|0x0000000085200000, 0x0000000085300000, 0x0000000085300000|100%| O|  |TAMS 0x0000000085300000, 0x0000000085200000| Untracked 
|  83|0x0000000085300000, 0x0000000085400000, 0x0000000085400000|100%| O|  |TAMS 0x0000000085400000, 0x0000000085300000| Updating 
|  84|0x0000000085400000, 0x0000000085500000, 0x0000000085500000|100%| O|  |TAMS 0x0000000085500000, 0x0000000085400000| Updating 
|  85|0x0000000085500000, 0x0000000085600000, 0x0000000085600000|100%| O|  |TAMS 0x0000000085600000, 0x0000000085500000| Updating 
|  86|0x0000000085600000, 0x0000000085700000, 0x0000000085700000|100%| O|  |TAMS 0x0000000085700000, 0x0000000085600000| Updating 
|  87|0x0000000085700000, 0x0000000085800000, 0x0000000085800000|100%| O|  |TAMS 0x0000000085800000, 0x0000000085700000| Updating 
|  88|0x0000000085800000, 0x0000000085900000, 0x0000000085900000|100%| O|  |TAMS 0x0000000085900000, 0x0000000085800000| Updating 
|  89|0x0000000085900000, 0x0000000085a00000, 0x0000000085a00000|100%| O|  |TAMS 0x0000000085a00000, 0x0000000085900000| Updating 
|  90|0x0000000085a00000, 0x0000000085b00000, 0x0000000085b00000|100%| O|  |TAMS 0x0000000085b00000, 0x0000000085a00000| Updating 
|  91|0x0000000085b00000, 0x0000000085c00000, 0x0000000085c00000|100%|HS|  |TAMS 0x0000000085c00000, 0x0000000085b00000| Complete 
|  92|0x0000000085c00000, 0x0000000085d00000, 0x0000000085d00000|100%|HS|  |TAMS 0x0000000085d00000, 0x0000000085c00000| Complete 
|  93|0x0000000085d00000, 0x0000000085e00000, 0x0000000085e00000|100%|HS|  |TAMS 0x0000000085e00000, 0x0000000085d00000| Complete 
|  94|0x0000000085e00000, 0x0000000085f00000, 0x0000000085f00000|100%|HS|  |TAMS 0x0000000085f00000, 0x0000000085e00000| Complete 
|  95|0x0000000085f00000, 0x0000000086000000, 0x0000000086000000|100%| O|  |TAMS 0x0000000086000000, 0x0000000085f00000| Updating 
|  96|0x0000000086000000, 0x0000000086100000, 0x0000000086100000|100%|HS|  |TAMS 0x0000000086100000, 0x0000000086000000| Complete 
|  97|0x0000000086100000, 0x0000000086200000, 0x0000000086200000|100%|HS|  |TAMS 0x0000000086200000, 0x0000000086100000| Complete 
|  98|0x0000000086200000, 0x0000000086300000, 0x0000000086300000|100%| O|  |TAMS 0x0000000086300000, 0x0000000086200000| Updating 
|  99|0x0000000086300000, 0x0000000086400000, 0x0000000086400000|100%| O|  |TAMS 0x0000000086400000, 0x0000000086300000| Updating 
| 100|0x0000000086400000, 0x0000000086500000, 0x0000000086500000|100%| O|  |TAMS 0x0000000086500000, 0x0000000086400000| Updating 
| 101|0x0000000086500000, 0x0000000086600000, 0x0000000086600000|100%| O|  |TAMS 0x0000000086600000, 0x0000000086500000| Updating 
| 102|0x0000000086600000, 0x0000000086700000, 0x0000000086700000|100%| O|  |TAMS 0x0000000086700000, 0x0000000086600000| Updating 
| 103|0x0000000086700000, 0x0000000086800000, 0x0000000086800000|100%| O|  |TAMS 0x0000000086800000, 0x0000000086700000| Updating 
| 104|0x0000000086800000, 0x0000000086900000, 0x0000000086900000|100%| O|  |TAMS 0x0000000086900000, 0x0000000086800000| Untracked 
| 105|0x0000000086900000, 0x0000000086a00000, 0x0000000086a00000|100%| O|  |TAMS 0x0000000086a00000, 0x0000000086900000| Untracked 
| 106|0x0000000086a00000, 0x0000000086b00000, 0x0000000086b00000|100%| O|  |TAMS 0x0000000086b00000, 0x0000000086a00000| Untracked 
| 107|0x0000000086b00000, 0x0000000086c00000, 0x0000000086c00000|100%| O|  |TAMS 0x0000000086c00000, 0x0000000086b00000| Untracked 
| 108|0x0000000086c00000, 0x0000000086d00000, 0x0000000086d00000|100%| O|  |TAMS 0x0000000086d00000, 0x0000000086c00000| Untracked 
| 109|0x0000000086d00000, 0x0000000086e00000, 0x0000000086e00000|100%| O|  |TAMS 0x0000000086e00000, 0x0000000086d00000| Untracked 
| 110|0x0000000086e00000, 0x0000000086f00000, 0x0000000086f00000|100%| O|  |TAMS 0x0000000086f00000, 0x0000000086e00000| Untracked 
| 111|0x0000000086f00000, 0x0000000087000000, 0x0000000087000000|100%| O|  |TAMS 0x0000000087000000, 0x0000000086f00000| Untracked 
| 112|0x0000000087000000, 0x0000000087100000, 0x0000000087100000|100%|HS|  |TAMS 0x0000000087100000, 0x0000000087000000| Complete 
| 113|0x0000000087100000, 0x0000000087200000, 0x0000000087200000|100%| O|  |TAMS 0x0000000087200000, 0x0000000087100000| Updating 
| 114|0x0000000087200000, 0x0000000087300000, 0x0000000087300000|100%| O|  |TAMS 0x0000000087300000, 0x0000000087200000| Untracked 
| 115|0x0000000087300000, 0x0000000087400000, 0x0000000087400000|100%| O|  |TAMS 0x0000000087400000, 0x0000000087300000| Updating 
| 116|0x0000000087400000, 0x0000000087500000, 0x0000000087500000|100%| O|  |TAMS 0x0000000087500000, 0x0000000087400000| Untracked 
| 117|0x0000000087500000, 0x0000000087600000, 0x0000000087600000|100%| O|  |TAMS 0x0000000087600000, 0x0000000087500000| Untracked 
| 118|0x0000000087600000, 0x0000000087700000, 0x0000000087700000|100%| O|  |TAMS 0x0000000087700000, 0x0000000087600000| Untracked 
| 119|0x0000000087700000, 0x0000000087800000, 0x0000000087800000|100%| O|  |TAMS 0x0000000087800000, 0x0000000087700000| Untracked 
| 120|0x0000000087800000, 0x0000000087900000, 0x0000000087900000|100%| O|  |TAMS 0x0000000087900000, 0x0000000087800000| Untracked 
| 121|0x0000000087900000, 0x0000000087a00000, 0x0000000087a00000|100%| O|  |TAMS 0x0000000087a00000, 0x0000000087900000| Updating 
| 122|0x0000000087a00000, 0x0000000087b00000, 0x0000000087b00000|100%| O|  |TAMS 0x0000000087b00000, 0x0000000087a00000| Updating 
| 123|0x0000000087b00000, 0x0000000087c00000, 0x0000000087c00000|100%| O|  |TAMS 0x0000000087c00000, 0x0000000087b00000| Untracked 
| 124|0x0000000087c00000, 0x0000000087d00000, 0x0000000087d00000|100%| O|  |TAMS 0x0000000087d00000, 0x0000000087c00000| Untracked 
| 125|0x0000000087d00000, 0x0000000087e00000, 0x0000000087e00000|100%| O|  |TAMS 0x0000000087e00000, 0x0000000087d00000| Untracked 
| 126|0x0000000087e00000, 0x0000000087f00000, 0x0000000087f00000|100%| O|  |TAMS 0x0000000087f00000, 0x0000000087e00000| Untracked 
| 127|0x0000000087f00000, 0x0000000088000000, 0x0000000088000000|100%| O|  |TAMS 0x0000000088000000, 0x0000000087f00000| Untracked 
| 128|0x0000000088000000, 0x0000000088100000, 0x0000000088100000|100%| O|  |TAMS 0x0000000088100000, 0x0000000088000000| Untracked 
| 129|0x0000000088100000, 0x0000000088200000, 0x0000000088200000|100%| O|  |TAMS 0x0000000088200000, 0x0000000088100000| Untracked 
| 130|0x0000000088200000, 0x0000000088300000, 0x0000000088300000|100%| O|  |TAMS 0x0000000088300000, 0x0000000088200000| Untracked 
| 131|0x0000000088300000, 0x0000000088400000, 0x0000000088400000|100%| O|  |TAMS 0x0000000088400000, 0x0000000088300000| Untracked 
| 132|0x0000000088400000, 0x0000000088500000, 0x0000000088500000|100%| O|  |TAMS 0x0000000088500000, 0x0000000088400000| Untracked 
| 133|0x0000000088500000, 0x0000000088600000, 0x0000000088600000|100%| O|  |TAMS 0x0000000088600000, 0x0000000088500000| Untracked 
| 134|0x0000000088600000, 0x0000000088700000, 0x0000000088700000|100%| O|  |TAMS 0x0000000088700000, 0x0000000088600000| Updating 
| 135|0x0000000088700000, 0x0000000088800000, 0x0000000088800000|100%| O|  |TAMS 0x0000000088800000, 0x0000000088700000| Untracked 
| 136|0x0000000088800000, 0x0000000088900000, 0x0000000088900000|100%| O|  |TAMS 0x0000000088900000, 0x0000000088800000| Updating 
| 137|0x0000000088900000, 0x0000000088a00000, 0x0000000088a00000|100%| O|  |TAMS 0x0000000088a00000, 0x0000000088900000| Updating 
| 138|0x0000000088a00000, 0x0000000088b00000, 0x0000000088b00000|100%| O|  |TAMS 0x0000000088b00000, 0x0000000088a00000| Updating 
| 139|0x0000000088b00000, 0x0000000088c00000, 0x0000000088c00000|100%|HS|  |TAMS 0x0000000088c00000, 0x0000000088b00000| Complete 
| 140|0x0000000088c00000, 0x0000000088d00000, 0x0000000088d00000|100%|HS|  |TAMS 0x0000000088d00000, 0x0000000088c00000| Complete 
| 141|0x0000000088d00000, 0x0000000088e00000, 0x0000000088e00000|100%| O|  |TAMS 0x0000000088e00000, 0x0000000088d00000| Updating 
| 142|0x0000000088e00000, 0x0000000088f00000, 0x0000000088f00000|100%|HS|  |TAMS 0x0000000088f00000, 0x0000000088e00000| Complete 
| 143|0x0000000088f00000, 0x0000000089000000, 0x0000000089000000|100%|HC|  |TAMS 0x0000000089000000, 0x0000000088f00000| Complete 
| 144|0x0000000089000000, 0x0000000089100000, 0x0000000089100000|100%| O|  |TAMS 0x0000000089100000, 0x0000000089000000| Updating 
| 145|0x0000000089100000, 0x0000000089200000, 0x0000000089200000|100%| O|  |TAMS 0x0000000089200000, 0x0000000089100000| Updating 
| 146|0x0000000089200000, 0x0000000089300000, 0x0000000089300000|100%| O|  |TAMS 0x0000000089300000, 0x0000000089200000| Updating 
| 147|0x0000000089300000, 0x0000000089400000, 0x0000000089400000|100%| O|  |TAMS 0x0000000089400000, 0x0000000089300000| Updating 
| 148|0x0000000089400000, 0x0000000089500000, 0x0000000089500000|100%| O|  |TAMS 0x0000000089500000, 0x0000000089400000| Updating 
| 149|0x0000000089500000, 0x0000000089600000, 0x0000000089600000|100%| O|  |TAMS 0x0000000089600000, 0x0000000089500000| Updating 
| 150|0x0000000089600000, 0x0000000089700000, 0x0000000089700000|100%| O|  |TAMS 0x0000000089700000, 0x0000000089600000| Updating 
| 151|0x0000000089700000, 0x0000000089800000, 0x0000000089800000|100%| O|  |TAMS 0x0000000089800000, 0x0000000089700000| Untracked 
| 152|0x0000000089800000, 0x0000000089900000, 0x0000000089900000|100%| O|  |TAMS 0x0000000089900000, 0x0000000089800000| Untracked 
| 153|0x0000000089900000, 0x0000000089a00000, 0x0000000089a00000|100%| O|  |TAMS 0x0000000089a00000, 0x0000000089900000| Untracked 
| 154|0x0000000089a00000, 0x0000000089b00000, 0x0000000089b00000|100%| O|  |TAMS 0x0000000089b00000, 0x0000000089a00000| Untracked 
| 155|0x0000000089b00000, 0x0000000089c00000, 0x0000000089c00000|100%| O|  |TAMS 0x0000000089c00000, 0x0000000089b00000| Untracked 
| 156|0x0000000089c00000, 0x0000000089d00000, 0x0000000089d00000|100%| O|  |TAMS 0x0000000089d00000, 0x0000000089c00000| Untracked 
| 157|0x0000000089d00000, 0x0000000089e00000, 0x0000000089e00000|100%| O|  |TAMS 0x0000000089e00000, 0x0000000089d00000| Updating 
| 158|0x0000000089e00000, 0x0000000089f00000, 0x0000000089f00000|100%| O|  |TAMS 0x0000000089f00000, 0x0000000089e00000| Updating 
| 159|0x0000000089f00000, 0x000000008a000000, 0x000000008a000000|100%| O|  |TAMS 0x000000008a000000, 0x0000000089f00000| Untracked 
| 160|0x000000008a000000, 0x000000008a100000, 0x000000008a100000|100%| O|  |TAMS 0x000000008a100000, 0x000000008a000000| Updating 
| 161|0x000000008a100000, 0x000000008a200000, 0x000000008a200000|100%| O|  |TAMS 0x000000008a200000, 0x000000008a100000| Untracked 
| 162|0x000000008a200000, 0x000000008a300000, 0x000000008a300000|100%|HS|  |TAMS 0x000000008a300000, 0x000000008a200000| Complete 
| 163|0x000000008a300000, 0x000000008a400000, 0x000000008a400000|100%|HS|  |TAMS 0x000000008a400000, 0x000000008a300000| Complete 
| 164|0x000000008a400000, 0x000000008a500000, 0x000000008a500000|100%| O|  |TAMS 0x000000008a500000, 0x000000008a400000| Untracked 
| 165|0x000000008a500000, 0x000000008a600000, 0x000000008a600000|100%| O|  |TAMS 0x000000008a600000, 0x000000008a500000| Untracked 
| 166|0x000000008a600000, 0x000000008a700000, 0x000000008a700000|100%| O|  |TAMS 0x000000008a700000, 0x000000008a600000| Untracked 
| 167|0x000000008a700000, 0x000000008a800000, 0x000000008a800000|100%| O|  |TAMS 0x000000008a800000, 0x000000008a700000| Untracked 
| 168|0x000000008a800000, 0x000000008a900000, 0x000000008a900000|100%| O|  |TAMS 0x000000008a900000, 0x000000008a800000| Untracked 
| 169|0x000000008a900000, 0x000000008aa00000, 0x000000008aa00000|100%| O|  |TAMS 0x000000008aa00000, 0x000000008a900000| Untracked 
| 170|0x000000008aa00000, 0x000000008ab00000, 0x000000008ab00000|100%| O|  |TAMS 0x000000008ab00000, 0x000000008aa00000| Untracked 
| 171|0x000000008ab00000, 0x000000008ac00000, 0x000000008ac00000|100%| O|  |TAMS 0x000000008ac00000, 0x000000008ab00000| Updating 
| 172|0x000000008ac00000, 0x000000008ad00000, 0x000000008ad00000|100%| O|  |TAMS 0x000000008ad00000, 0x000000008ac00000| Untracked 
| 173|0x000000008ad00000, 0x000000008ae00000, 0x000000008ae00000|100%| O|  |TAMS 0x000000008ae00000, 0x000000008ad00000| Updating 
| 174|0x000000008ae00000, 0x000000008af00000, 0x000000008af00000|100%| O|  |TAMS 0x000000008af00000, 0x000000008ae00000| Untracked 
| 175|0x000000008af00000, 0x000000008b000000, 0x000000008b000000|100%| O|  |TAMS 0x000000008b000000, 0x000000008af00000| Untracked 
| 176|0x000000008b000000, 0x000000008b100000, 0x000000008b100000|100%| O|  |TAMS 0x000000008b055200, 0x000000008b000000| Updating 
| 177|0x000000008b100000, 0x000000008b1a6800, 0x000000008b200000| 65%| O|  |TAMS 0x000000008b100000, 0x000000008b100000| Updating 
| 178|0x000000008b200000, 0x000000008b200000, 0x000000008b300000|  0%| F|  |TAMS 0x000000008b200000, 0x000000008b200000| Untracked 
| 179|0x000000008b300000, 0x000000008b300000, 0x000000008b400000|  0%| F|  |TAMS 0x000000008b300000, 0x000000008b300000| Untracked 
| 180|0x000000008b400000, 0x000000008b400000, 0x000000008b500000|  0%| F|  |TAMS 0x000000008b400000, 0x000000008b400000| Untracked 
| 181|0x000000008b500000, 0x000000008b500000, 0x000000008b600000|  0%| F|  |TAMS 0x000000008b500000, 0x000000008b500000| Untracked 
| 182|0x000000008b600000, 0x000000008b600000, 0x000000008b700000|  0%| F|  |TAMS 0x000000008b600000, 0x000000008b600000| Untracked 
| 183|0x000000008b700000, 0x000000008b700000, 0x000000008b800000|  0%| F|  |TAMS 0x000000008b700000, 0x000000008b700000| Untracked 
| 184|0x000000008b800000, 0x000000008b800000, 0x000000008b900000|  0%| F|  |TAMS 0x000000008b800000, 0x000000008b800000| Untracked 
| 185|0x000000008b900000, 0x000000008b900000, 0x000000008ba00000|  0%| F|  |TAMS 0x000000008b900000, 0x000000008b900000| Untracked 
| 186|0x000000008ba00000, 0x000000008ba00000, 0x000000008bb00000|  0%| F|  |TAMS 0x000000008ba00000, 0x000000008ba00000| Untracked 
| 187|0x000000008bb00000, 0x000000008bb00000, 0x000000008bc00000|  0%| F|  |TAMS 0x000000008bb00000, 0x000000008bb00000| Untracked 
| 188|0x000000008bc00000, 0x000000008bc00000, 0x000000008bd00000|  0%| F|  |TAMS 0x000000008bc00000, 0x000000008bc00000| Untracked 
| 189|0x000000008bd00000, 0x000000008bd00000, 0x000000008be00000|  0%| F|  |TAMS 0x000000008bd00000, 0x000000008bd00000| Untracked 
| 190|0x000000008be00000, 0x000000008be00000, 0x000000008bf00000|  0%| F|  |TAMS 0x000000008be00000, 0x000000008be00000| Untracked 
| 191|0x000000008bf00000, 0x000000008bf00000, 0x000000008c000000|  0%| F|  |TAMS 0x000000008bf00000, 0x000000008bf00000| Untracked 
| 192|0x000000008c000000, 0x000000008c000000, 0x000000008c100000|  0%| F|  |TAMS 0x000000008c000000, 0x000000008c000000| Untracked 
| 193|0x000000008c100000, 0x000000008c100000, 0x000000008c200000|  0%| F|  |TAMS 0x000000008c100000, 0x000000008c100000| Untracked 
| 194|0x000000008c200000, 0x000000008c200000, 0x000000008c300000|  0%| F|  |TAMS 0x000000008c200000, 0x000000008c200000| Untracked 
| 195|0x000000008c300000, 0x000000008c300000, 0x000000008c400000|  0%| F|  |TAMS 0x000000008c300000, 0x000000008c300000| Untracked 
| 196|0x000000008c400000, 0x000000008c400000, 0x000000008c500000|  0%| F|  |TAMS 0x000000008c400000, 0x000000008c400000| Untracked 
| 197|0x000000008c500000, 0x000000008c500000, 0x000000008c600000|  0%| F|  |TAMS 0x000000008c500000, 0x000000008c500000| Untracked 
| 198|0x000000008c600000, 0x000000008c600000, 0x000000008c700000|  0%| F|  |TAMS 0x000000008c600000, 0x000000008c600000| Untracked 
| 199|0x000000008c700000, 0x000000008c700000, 0x000000008c800000|  0%| F|  |TAMS 0x000000008c700000, 0x000000008c700000| Untracked 
| 200|0x000000008c800000, 0x000000008c800000, 0x000000008c900000|  0%| F|  |TAMS 0x000000008c800000, 0x000000008c800000| Untracked 
| 201|0x000000008c900000, 0x000000008c900000, 0x000000008ca00000|  0%| F|  |TAMS 0x000000008c900000, 0x000000008c900000| Untracked 
| 202|0x000000008ca00000, 0x000000008ca00000, 0x000000008cb00000|  0%| F|  |TAMS 0x000000008ca00000, 0x000000008ca00000| Untracked 
| 203|0x000000008cb00000, 0x000000008cb00000, 0x000000008cc00000|  0%| F|  |TAMS 0x000000008cb00000, 0x000000008cb00000| Untracked 
| 204|0x000000008cc00000, 0x000000008cc00000, 0x000000008cd00000|  0%| F|  |TAMS 0x000000008cc00000, 0x000000008cc00000| Untracked 
| 205|0x000000008cd00000, 0x000000008cd00000, 0x000000008ce00000|  0%| F|  |TAMS 0x000000008cd00000, 0x000000008cd00000| Untracked 
| 206|0x000000008ce00000, 0x000000008ce00000, 0x000000008cf00000|  0%| F|  |TAMS 0x000000008ce00000, 0x000000008ce00000| Untracked 
| 207|0x000000008cf00000, 0x000000008cf00000, 0x000000008d000000|  0%| F|  |TAMS 0x000000008cf00000, 0x000000008cf00000| Untracked 
| 208|0x000000008d000000, 0x000000008d000000, 0x000000008d100000|  0%| F|  |TAMS 0x000000008d000000, 0x000000008d000000| Untracked 
| 209|0x000000008d100000, 0x000000008d100000, 0x000000008d200000|  0%| F|  |TAMS 0x000000008d100000, 0x000000008d100000| Untracked 
| 210|0x000000008d200000, 0x000000008d200000, 0x000000008d300000|  0%| F|  |TAMS 0x000000008d200000, 0x000000008d200000| Untracked 
| 211|0x000000008d300000, 0x000000008d300000, 0x000000008d400000|  0%| F|  |TAMS 0x000000008d300000, 0x000000008d300000| Untracked 
| 212|0x000000008d400000, 0x000000008d400000, 0x000000008d500000|  0%| F|  |TAMS 0x000000008d400000, 0x000000008d400000| Untracked 
| 213|0x000000008d500000, 0x000000008d500000, 0x000000008d600000|  0%| F|  |TAMS 0x000000008d500000, 0x000000008d500000| Untracked 
| 214|0x000000008d600000, 0x000000008d700000, 0x000000008d700000|100%| E|  |TAMS 0x000000008d600000, 0x000000008d600000| Complete 
| 215|0x000000008d700000, 0x000000008d800000, 0x000000008d800000|100%| E|CS|TAMS 0x000000008d700000, 0x000000008d700000| Complete 
| 216|0x000000008d800000, 0x000000008d900000, 0x000000008d900000|100%| E|CS|TAMS 0x000000008d800000, 0x000000008d800000| Complete 
| 217|0x000000008d900000, 0x000000008da00000, 0x000000008da00000|100%| E|CS|TAMS 0x000000008d900000, 0x000000008d900000| Complete 
| 218|0x000000008da00000, 0x000000008db00000, 0x000000008db00000|100%| E|CS|TAMS 0x000000008da00000, 0x000000008da00000| Complete 
| 219|0x000000008db00000, 0x000000008dc00000, 0x000000008dc00000|100%| E|CS|TAMS 0x000000008db00000, 0x000000008db00000| Complete 
| 220|0x000000008dc00000, 0x000000008dd00000, 0x000000008dd00000|100%| E|CS|TAMS 0x000000008dc00000, 0x000000008dc00000| Complete 
| 221|0x000000008dd00000, 0x000000008de00000, 0x000000008de00000|100%| E|CS|TAMS 0x000000008dd00000, 0x000000008dd00000| Complete 
| 222|0x000000008de00000, 0x000000008de138c0, 0x000000008df00000|  7%| S|CS|TAMS 0x000000008de00000, 0x000000008de00000| Complete 
| 223|0x000000008df00000, 0x000000008e000000, 0x000000008e000000|100%| S|CS|TAMS 0x000000008df00000, 0x000000008df00000| Complete 
| 224|0x000000008e000000, 0x000000008e100000, 0x000000008e100000|100%| E|CS|TAMS 0x000000008e000000, 0x000000008e000000| Complete 
| 225|0x000000008e100000, 0x000000008e200000, 0x000000008e200000|100%| E|CS|TAMS 0x000000008e100000, 0x000000008e100000| Complete 
| 226|0x000000008e200000, 0x000000008e300000, 0x000000008e300000|100%| E|CS|TAMS 0x000000008e200000, 0x000000008e200000| Complete 
| 227|0x000000008e300000, 0x000000008e400000, 0x000000008e400000|100%| E|CS|TAMS 0x000000008e300000, 0x000000008e300000| Complete 

Card table byte_map: [0x0000021b786b0000,0x0000021b78ab0000] _byte_map_base: 0x0000021b782b0000

Marking Bits (Prev, Next): (CMBitMap*) 0x0000021b615061e0, (CMBitMap*) 0x0000021b615061a0
 Prev Bits: [0x0000021b7aeb0000, 0x0000021b7ceb0000)
 Next Bits: [0x0000021b78eb0000, 0x0000021b7aeb0000)

Polling page: 0x0000021b5f3d0000

Metaspace:

Usage:
  Non-class:     88.63 MB used.
      Class:     14.36 MB used.
       Both:    102.99 MB used.

Virtual space:
  Non-class space:      128.00 MB reserved,      89.25 MB ( 70%) committed,  2 nodes.
      Class space:      416.00 MB reserved,      14.88 MB (  4%) committed,  1 nodes.
             Both:      544.00 MB reserved,     104.12 MB ( 19%) committed. 

Chunk freelists:
   Non-Class:  6.78 MB
       Class:  1.00 MB
        Both:  7.78 MB

MaxMetaspaceSize: 512.00 MB
CompressedClassSpaceSize: 416.00 MB
Initial GC threshold: 21.00 MB
Current GC threshold: 104.19 MB
CDS: on
MetaspaceReclaimPolicy: balanced
 - commit_granule_bytes: 65536.
 - commit_granule_words: 8192.
 - virtual_space_node_default_size: 8388608.
 - enlarge_chunks_in_place: 1.
 - new_chunks_are_fully_committed: 0.
 - uncommit_free_chunks: 1.
 - use_allocation_guard: 0.
 - handle_deallocations: 1.


Internal statistics:

num_allocs_failed_limit: 12.
num_arena_births: 1590.
num_arena_deaths: 0.
num_vsnodes_births: 3.
num_vsnodes_deaths: 0.
num_space_committed: 1666.
num_space_uncommitted: 0.
num_chunks_returned_to_freelist: 12.
num_chunks_taken_from_freelist: 6426.
num_chunk_merges: 12.
num_chunk_splits: 4105.
num_chunks_enlarged: 2545.
num_inconsistent_stats: 0.

CodeHeap 'non-profiled nmethods': size=120000Kb used=9131Kb max_used=9131Kb free=110869Kb
 bounds [0x0000021b70830000, 0x0000021b71120000, 0x0000021b77d60000]
CodeHeap 'profiled nmethods': size=120000Kb used=26074Kb max_used=26074Kb free=93926Kb
 bounds [0x0000021b68d60000, 0x0000021b6a6e0000, 0x0000021b70290000]
CodeHeap 'non-nmethods': size=5760Kb used=2449Kb max_used=2495Kb free=3310Kb
 bounds [0x0000021b70290000, 0x0000021b70510000, 0x0000021b70830000]
 total_blobs=14132 nmethods=13156 adapters=885
 compilation: enabled
              stopped_count=0, restarted_count=0
 full_count=0

Compilation events (20 events):
Event: 187.640 Thread 0x0000021b7fb2c9e0 nmethod 15504 0x0000021b6a6d1f90 code [0x0000021b6a6d2300, 0x0000021b6a6d3438]
Event: 187.640 Thread 0x0000021b7fb2c9e0 15505   !   3       jdk.internal.reflect.GeneratedMethodAccessor3::invoke (63 bytes)
Event: 187.641 Thread 0x0000021b7fb2c9e0 nmethod 15505 0x0000021b6a6d3a10 code [0x0000021b6a6d3c40, 0x0000021b6a6d4318]
Event: 187.641 Thread 0x0000021b7fb2c9e0 15506   !   3       jdk.internal.reflect.GeneratedMethodAccessor4::invoke (66 bytes)
Event: 187.641 Thread 0x0000021b7fb2c9e0 nmethod 15506 0x0000021b6a6d4690 code [0x0000021b6a6d48e0, 0x0000021b6a6d5278]
Event: 187.641 Thread 0x0000021b7fb2c9e0 15507   !   3       jdk.internal.reflect.GeneratedMethodAccessor5::invoke (63 bytes)
Event: 187.642 Thread 0x0000021b7fb2c9e0 nmethod 15507 0x0000021b6a6d5690 code [0x0000021b6a6d58c0, 0x0000021b6a6d5f98]
Event: 187.658 Thread 0x0000021b7fb2c9e0 15508       3       kotlin.jvm.internal.PropertyReference1::invoke (6 bytes)
Event: 187.658 Thread 0x0000021b7fb2c9e0 nmethod 15508 0x0000021b6a6d6310 code [0x0000021b6a6d64c0, 0x0000021b6a6d6688]
Event: 187.665 Thread 0x0000021b7fafbb50 nmethod 15496% 0x0000021b71110f10 code [0x0000021b71111580, 0x0000021b71114bb0]
Event: 187.665 Thread 0x0000021b7fafbb50 15509       4       org.gradle.internal.operations.DefaultBuildOperationRunner::run (13 bytes)
Event: 187.681 Thread 0x0000021b7fb2c9e0 15511       1       com.android.build.gradle.internal.core.dsl.impl.ComponentDslInfoImpl::getServices (5 bytes)
Event: 187.681 Thread 0x0000021b7fb2c9e0 nmethod 15511 0x0000021b71117d90 code [0x0000021b71117f20, 0x0000021b71117ff8]
Event: 187.682 Thread 0x0000021b7fb2c9e0 15512       3       com.android.builder.core.ComponentTypeImpl::isTestComponent (20 bytes)
Event: 187.682 Thread 0x0000021b7fb2c9e0 nmethod 15512 0x0000021b6a6d6710 code [0x0000021b6a6d68a0, 0x0000021b6a6d6a78]
Event: 187.688 Thread 0x0000021b7fafbb50 nmethod 15509 0x0000021b71118090 code [0x0000021b711182a0, 0x0000021b71119230]
Event: 187.688 Thread 0x0000021b7fafbb50 15510       4       java.lang.invoke.DirectMethodHandle::<init> (148 bytes)
Event: 187.698 Thread 0x0000021b7fafbb50 nmethod 15510 0x0000021b71119b90 code [0x0000021b71119d60, 0x0000021b7111a5e0]
Event: 187.698 Thread 0x0000021b7fafbb50 15500       4       org.gradle.api.DefaultTask::getName (5 bytes)
Event: 187.700 Thread 0x0000021b7fafbb50 nmethod 15500 0x0000021b7111a910 code [0x0000021b7111aa80, 0x0000021b7111ab18]

GC Heap History (20 events):
Event: 178.050 GC heap before
{Heap before GC invocations=63 (full 0):
 garbage-first heap   total 233472K, used 195495K [0x0000000080000000, 0x0000000100000000)
  region size 1024K, 41 young (41984K), 7 survivors (7168K)
 Metaspace       used 100398K, committed 101504K, reserved 557056K
  class space    used 13962K, committed 14464K, reserved 425984K
}
Event: 178.058 GC heap after
{Heap after GC invocations=64 (full 0):
 garbage-first heap   total 233472K, used 165999K [0x0000000080000000, 0x0000000100000000)
  region size 1024K, 5 young (5120K), 5 survivors (5120K)
 Metaspace       used 100398K, committed 101504K, reserved 557056K
  class space    used 13962K, committed 14464K, reserved 425984K
}
Event: 178.517 GC heap before
{Heap before GC invocations=64 (full 0):
 garbage-first heap   total 233472K, used 195695K [0x0000000080000000, 0x0000000100000000)
  region size 1024K, 35 young (35840K), 5 survivors (5120K)
 Metaspace       used 100399K, committed 101504K, reserved 557056K
  class space    used 13962K, committed 14464K, reserved 425984K
}
Event: 178.524 GC heap after
{Heap after GC invocations=65 (full 0):
 garbage-first heap   total 233472K, used 167236K [0x0000000080000000, 0x0000000100000000)
  region size 1024K, 3 young (3072K), 3 survivors (3072K)
 Metaspace       used 100399K, committed 101504K, reserved 557056K
  class space    used 13962K, committed 14464K, reserved 425984K
}
Event: 179.128 GC heap before
{Heap before GC invocations=65 (full 0):
 garbage-first heap   total 233472K, used 196932K [0x0000000080000000, 0x0000000100000000)
  region size 1024K, 33 young (33792K), 3 survivors (3072K)
 Metaspace       used 100399K, committed 101504K, reserved 557056K
  class space    used 13962K, committed 14464K, reserved 425984K
}
Event: 179.132 GC heap after
{Heap after GC invocations=66 (full 0):
 garbage-first heap   total 233472K, used 167532K [0x0000000080000000, 0x0000000100000000)
  region size 1024K, 4 young (4096K), 4 survivors (4096K)
 Metaspace       used 100399K, committed 101504K, reserved 557056K
  class space    used 13962K, committed 14464K, reserved 425984K
}
Event: 179.592 GC heap before
{Heap before GC invocations=66 (full 0):
 garbage-first heap   total 233472K, used 197228K [0x0000000080000000, 0x0000000100000000)
  region size 1024K, 34 young (34816K), 4 survivors (4096K)
 Metaspace       used 100399K, committed 101504K, reserved 557056K
  class space    used 13962K, committed 14464K, reserved 425984K
}
Event: 179.597 GC heap after
{Heap after GC invocations=67 (full 0):
 garbage-first heap   total 233472K, used 168098K [0x0000000080000000, 0x0000000100000000)
  region size 1024K, 4 young (4096K), 4 survivors (4096K)
 Metaspace       used 100399K, committed 101504K, reserved 557056K
  class space    used 13962K, committed 14464K, reserved 425984K
}
Event: 182.256 GC heap before
{Heap before GC invocations=67 (full 0):
 garbage-first heap   total 233472K, used 200866K [0x0000000080000000, 0x0000000100000000)
  region size 1024K, 34 young (34816K), 4 survivors (4096K)
 Metaspace       used 100960K, committed 102080K, reserved 557056K
  class space    used 14063K, committed 14592K, reserved 425984K
}
Event: 182.268 GC heap after
{Heap after GC invocations=68 (full 0):
 garbage-first heap   total 233472K, used 177169K [0x0000000080000000, 0x0000000100000000)
  region size 1024K, 5 young (5120K), 5 survivors (5120K)
 Metaspace       used 100960K, committed 102080K, reserved 557056K
  class space    used 14063K, committed 14592K, reserved 425984K
}
Event: 183.625 GC heap before
{Heap before GC invocations=68 (full 0):
 garbage-first heap   total 233472K, used 197649K [0x0000000080000000, 0x0000000100000000)
  region size 1024K, 25 young (25600K), 5 survivors (5120K)
 Metaspace       used 101939K, committed 103040K, reserved 557056K
  class space    used 14197K, committed 14720K, reserved 425984K
}
Event: 183.651 GC heap after
{Heap after GC invocations=69 (full 0):
 garbage-first heap   total 233472K, used 180322K [0x0000000080000000, 0x0000000100000000)
  region size 1024K, 4 young (4096K), 4 survivors (4096K)
 Metaspace       used 101939K, committed 103040K, reserved 557056K
  class space    used 14197K, committed 14720K, reserved 425984K
}
Event: 185.315 GC heap before
{Heap before GC invocations=69 (full 0):
 garbage-first heap   total 233472K, used 197730K [0x0000000080000000, 0x0000000100000000)
  region size 1024K, 21 young (21504K), 4 survivors (4096K)
 Metaspace       used 102956K, committed 104128K, reserved 557056K
  class space    used 14307K, committed 14848K, reserved 425984K
}
Event: 185.384 GC heap after
{Heap after GC invocations=70 (full 0):
 garbage-first heap   total 233472K, used 181123K [0x0000000080000000, 0x0000000100000000)
  region size 1024K, 1 young (1024K), 1 survivors (1024K)
 Metaspace       used 102956K, committed 104128K, reserved 557056K
  class space    used 14307K, committed 14848K, reserved 425984K
}
Event: 186.337 GC heap before
{Heap before GC invocations=70 (full 0):
 garbage-first heap   total 233472K, used 199555K [0x0000000080000000, 0x0000000100000000)
  region size 1024K, 19 young (19456K), 1 survivors (1024K)
 Metaspace       used 103856K, committed 105024K, reserved 557056K
  class space    used 14474K, committed 15040K, reserved 425984K
}
Event: 186.341 GC heap after
{Heap after GC invocations=71 (full 0):
 garbage-first heap   total 233472K, used 181903K [0x0000000080000000, 0x0000000100000000)
  region size 1024K, 2 young (2048K), 2 survivors (2048K)
 Metaspace       used 103856K, committed 105024K, reserved 557056K
  class space    used 14474K, committed 15040K, reserved 425984K
}
Event: 187.276 GC heap before
{Heap before GC invocations=71 (full 0):
 garbage-first heap   total 233472K, used 200335K [0x0000000080000000, 0x0000000100000000)
  region size 1024K, 20 young (20480K), 2 survivors (2048K)
 Metaspace       used 104739K, committed 105920K, reserved 557056K
  class space    used 14607K, committed 15168K, reserved 425984K
}
Event: 187.286 GC heap after
{Heap after GC invocations=72 (full 0):
 garbage-first heap   total 233472K, used 182785K [0x0000000080000000, 0x0000000100000000)
  region size 1024K, 3 young (3072K), 3 survivors (3072K)
 Metaspace       used 104739K, committed 105920K, reserved 557056K
  class space    used 14607K, committed 15168K, reserved 425984K
}
Event: 187.358 GC heap before
{Heap before GC invocations=72 (full 0):
 garbage-first heap   total 233472K, used 185857K [0x0000000080000000, 0x0000000100000000)
  region size 1024K, 7 young (7168K), 3 survivors (3072K)
 Metaspace       used 104905K, committed 106048K, reserved 557056K
  class space    used 14629K, committed 15168K, reserved 425984K
}
Event: 187.394 GC heap after
{Heap after GC invocations=73 (full 0):
 garbage-first heap   total 233472K, used 182839K [0x0000000080000000, 0x0000000100000000)
  region size 1024K, 2 young (2048K), 2 survivors (2048K)
 Metaspace       used 104905K, committed 106048K, reserved 557056K
  class space    used 14629K, committed 15168K, reserved 425984K
}

Deoptimization events (20 events):
Event: 186.130 Thread 0x0000021b206d82a0 DEOPT PACKING pc=0x0000021b70e6fcfc sp=0x000000e1918f6510
Event: 186.130 Thread 0x0000021b206d82a0 DEOPT UNPACKING pc=0x0000021b702e5ba3 sp=0x000000e1918f64c0 mode 2
Event: 186.179 Thread 0x0000021b206d82a0 Uncommon trap: trap_request=0xfffffff4 fr.pc=0x0000021b710dd704 relative=0x0000000000000164
Event: 186.179 Thread 0x0000021b206d82a0 Uncommon trap: reason=null_check action=make_not_entrant pc=0x0000021b710dd704 method=org.gradle.internal.instantiation.generator.AbstractClassGenerator.isPropertyType(Ljava/lang/Class;)Z @ 21 c2
Event: 186.179 Thread 0x0000021b206d82a0 DEOPT PACKING pc=0x0000021b710dd704 sp=0x000000e1918f6520
Event: 186.179 Thread 0x0000021b206d82a0 DEOPT UNPACKING pc=0x0000021b702e5ba3 sp=0x000000e1918f64c0 mode 2
Event: 186.557 Thread 0x0000021b206d82a0 DEOPT PACKING pc=0x0000021b6a43cce0 sp=0x000000e1918f6710
Event: 186.557 Thread 0x0000021b206d82a0 DEOPT UNPACKING pc=0x0000021b702e66e3 sp=0x000000e1918f5c18 mode 0
Event: 186.562 Thread 0x0000021b206d82a0 Uncommon trap: trap_request=0xfffffff4 fr.pc=0x0000021b710e8c7c relative=0x000000000000147c
Event: 186.562 Thread 0x0000021b206d82a0 Uncommon trap: reason=null_check action=make_not_entrant pc=0x0000021b710e8c7c method=org.gradle.internal.instantiation.generator.AbstractClassGenerator$PropertyMetadata.addGetter(Lorg/gradle/internal/instantiation/generator/AbstractClassGenerator$MethodM
Event: 186.562 Thread 0x0000021b206d82a0 DEOPT PACKING pc=0x0000021b710e8c7c sp=0x000000e1918f6590
Event: 186.562 Thread 0x0000021b206d82a0 DEOPT UNPACKING pc=0x0000021b702e5ba3 sp=0x000000e1918f6578 mode 2
Event: 187.452 Thread 0x0000021b206d82a0 Uncommon trap: trap_request=0xfffffff4 fr.pc=0x0000021b711062d8 relative=0x0000000000000a18
Event: 187.452 Thread 0x0000021b206d82a0 Uncommon trap: reason=null_check action=make_not_entrant pc=0x0000021b711062d8 method=org.gradle.internal.instantiation.generator.AbstractClassGenerator.isConfigurableFileCollectionType(Ljava/lang/Class;)Z @ 3 c2
Event: 187.452 Thread 0x0000021b206d82a0 DEOPT PACKING pc=0x0000021b711062d8 sp=0x000000e1918f65c0
Event: 187.452 Thread 0x0000021b206d82a0 DEOPT UNPACKING pc=0x0000021b702e5ba3 sp=0x000000e1918f64d8 mode 2
Event: 187.452 Thread 0x0000021b206d82a0 Uncommon trap: trap_request=0xfffffff4 fr.pc=0x0000021b71105084 relative=0x0000000000000a24
Event: 187.452 Thread 0x0000021b206d82a0 Uncommon trap: reason=null_check action=make_not_entrant pc=0x0000021b71105084 method=org.gradle.internal.instantiation.generator.AbstractClassGenerator$DslMixInPropertyType.visitProperty(Lorg/gradle/internal/instantiation/generator/AbstractClassGenerator
Event: 187.452 Thread 0x0000021b206d82a0 DEOPT PACKING pc=0x0000021b71105084 sp=0x000000e1918f65c0
Event: 187.452 Thread 0x0000021b206d82a0 DEOPT UNPACKING pc=0x0000021b702e5ba3 sp=0x000000e1918f6598 mode 2

Classes unloaded (0 events):
No events

Classes redefined (0 events):
No events

Internal exceptions (20 events):
Event: 182.937 Thread 0x0000021b206d82a0 Exception <a 'java/lang/ClassNotFoundException'{0x000000008d936fc8}: org/gradle/api/tasks/SourceTaskBeanInfo> (0x000000008d936fc8) 
thrown [s\open\src\hotspot\share\classfile\systemDictionary.cpp, line 256]
Event: 182.937 Thread 0x0000021b206d82a0 Exception <a 'java/lang/ClassNotFoundException'{0x000000008d945320}: org/gradle/api/tasks/SourceTaskCustomizer> (0x000000008d945320) 
thrown [s\open\src\hotspot\share\classfile\systemDictionary.cpp, line 256]
Event: 182.941 Thread 0x0000021b206d82a0 Exception <a 'java/lang/ClassNotFoundException'{0x000000008d97a460}: org/gradle/api/tasks/compile/AbstractCompileCustomizer> (0x000000008d97a460) 
thrown [s\open\src\hotspot\share\classfile\systemDictionary.cpp, line 256]
Event: 182.943 Thread 0x0000021b206d82a0 Exception <a 'java/lang/ClassNotFoundException'{0x000000008d9a3ea8}: org/gradle/api/tasks/compile/JavaCompileCustomizer> (0x000000008d9a3ea8) 
thrown [s\open\src\hotspot\share\classfile\systemDictionary.cpp, line 256]
Event: 182.945 Thread 0x0000021b206d82a0 Exception <a 'java/lang/ClassNotFoundException'{0x000000008d9ce3e0}: org/gradle/api/tasks/compile/JavaCompile_DecoratedCustomizer> (0x000000008d9ce3e0) 
thrown [s\open\src\hotspot\share\classfile\systemDictionary.cpp, line 256]
Event: 183.328 Thread 0x0000021b206d82a0 Exception <a 'sun/nio/fs/WindowsException'{0x000000008d31d688}> (0x000000008d31d688) 
thrown [s\open\src\hotspot\share\prims\jni.cpp, line 516]
Event: 183.443 Thread 0x0000021b206d82a0 Implicit null exception at 0x0000021b70ae3dba to 0x0000021b70ae3fd4
Event: 183.475 Thread 0x0000021b206d82a0 Exception <a 'java/lang/NoSuchMethodError'{0x000000008d2e23f0}: 'int java.lang.invoke.DirectMethodHandle$Holder.invokeStatic(java.lang.Object, java.lang.Object, int)'> (0x000000008d2e23f0) 
thrown [s\open\src\hotspot\share\interpreter\linkResolver.cpp, line 759]
Event: 183.476 Thread 0x0000021b206d82a0 Exception <a 'java/lang/NoSuchMethodError'{0x000000008d2e71a0}: 'int java.lang.invoke.DirectMethodHandle$Holder.invokeSpecial(java.lang.Object, java.lang.Object, java.lang.Object, int)'> (0x000000008d2e71a0) 
thrown [s\open\src\hotspot\share\interpreter\linkResolver.cpp, line 759]
Event: 183.481 Thread 0x0000021b206d82a0 Exception <a 'java/lang/NoSuchMethodError'{0x000000008d2f83f8}: 'java.lang.Object java.lang.invoke.DirectMethodHandle$Holder.invokeStatic(java.lang.Object, java.lang.Object, java.lang.Object, java.lang.Object, int)'> (0x000000008d2f83f8) 
thrown [s\open\src\hotspot\share\interpreter\linkResolver.cpp, line 759]
Event: 185.209 Thread 0x0000021b206d82a0 Exception <a 'java/lang/NoSuchMethodError'{0x000000008d44ef60}: static Lcom/android/build/gradle/internal/cxx/prefab/PrefabPackagePublication;.<clinit>()V> (0x000000008d44ef60) 
thrown [s\open\src\hotspot\share\prims\jni.cpp, line 1112]
Event: 185.214 Thread 0x0000021b206d82a0 Exception <a 'java/lang/NoSuchMethodError'{0x000000008d467208}: static Lcom/android/build/gradle/internal/cxx/prefab/PrefabModulePublication;.<clinit>()V> (0x000000008d467208) 
thrown [s\open\src\hotspot\share\prims\jni.cpp, line 1112]
Event: 185.219 Thread 0x0000021b206d82a0 Exception <a 'java/lang/NoSuchMethodError'{0x000000008d480bc8}: static Lcom/android/build/gradle/internal/cxx/prefab/PrefabAbiPublication;.<clinit>()V> (0x000000008d480bc8) 
thrown [s\open\src\hotspot\share\prims\jni.cpp, line 1112]
Event: 185.645 Thread 0x0000021b206d82a0 Implicit null exception at 0x0000021b710c0eb1 to 0x0000021b710c9c5c
Event: 185.855 Thread 0x0000021b206d82a0 Implicit null exception at 0x0000021b70e70090 to 0x0000021b70e70158
Event: 186.130 Thread 0x0000021b206d82a0 Implicit null exception at 0x0000021b70e6fc0a to 0x0000021b70e6fcea
Event: 186.179 Thread 0x0000021b206d82a0 Implicit null exception at 0x0000021b710dd643 to 0x0000021b710dd6f7
Event: 186.562 Thread 0x0000021b206d82a0 Implicit null exception at 0x0000021b710e7da7 to 0x0000021b710e8c6c
Event: 187.452 Thread 0x0000021b206d82a0 Implicit null exception at 0x0000021b71105c27 to 0x0000021b711062c8
Event: 187.452 Thread 0x0000021b206d82a0 Implicit null exception at 0x0000021b711046ce to 0x0000021b71105074

VM Operations (20 events):
Event: 183.328 Executing VM operation: Cleanup done
Event: 183.542 Executing VM operation: HandshakeAllThreads
Event: 183.543 Executing VM operation: HandshakeAllThreads done
Event: 183.623 Executing VM operation: G1CollectForAllocation
Event: 183.651 Executing VM operation: G1CollectForAllocation done
Event: 184.669 Executing VM operation: Cleanup
Event: 184.671 Executing VM operation: Cleanup done
Event: 185.314 Executing VM operation: G1CollectForAllocation
Event: 185.384 Executing VM operation: G1CollectForAllocation done
Event: 185.904 Executing VM operation: HandshakeAllThreads
Event: 185.905 Executing VM operation: HandshakeAllThreads done
Event: 186.336 Executing VM operation: G1CollectForAllocation
Event: 186.341 Executing VM operation: G1CollectForAllocation done
Event: 187.275 Executing VM operation: G1CollectForAllocation
Event: 187.286 Executing VM operation: G1CollectForAllocation done
Event: 187.358 Executing VM operation: CollectForMetadataAllocation
Event: 187.394 Executing VM operation: CollectForMetadataAllocation done
Event: 187.570 Executing VM operation: CollectForMetadataAllocation
Event: 187.571 Executing VM operation: CollectForMetadataAllocation done
Event: 187.723 Executing VM operation: G1Concurrent

Events (20 events):
Event: 181.611 loading class java/nio/file/PathsBeanInfo
Event: 181.612 loading class java/nio/file/PathsBeanInfo done
Event: 181.614 loading class java/nio/file/PathsBeanInfo
Event: 181.614 loading class java/nio/file/PathsBeanInfo done
Event: 181.614 loading class java/nio/file/PathsCustomizer
Event: 181.627 loading class java/nio/file/PathsCustomizer done
Event: 181.629 loading class java/nio/file/PathsCustomizer
Event: 181.629 loading class java/nio/file/PathsCustomizer done
Event: 182.071 loading class jdk/internal/loader/URLClassPath$JarLoader$3
Event: 182.073 loading class jdk/internal/loader/URLClassPath$JarLoader$3 done
Event: 182.095 loading class jdk/internal/reflect/UnsafeQualifiedStaticCharacterFieldAccessorImpl
Event: 182.096 loading class jdk/internal/reflect/UnsafeQualifiedStaticCharacterFieldAccessorImpl done
Event: 183.210 loading class java/net/Proxy$Type
Event: 183.213 loading class java/net/Proxy$Type done
Event: 183.456 loading class sun/invoke/util/ValueConversions$1
Event: 183.461 loading class sun/invoke/util/ValueConversions$1 done
Event: 183.478 loading class java/lang/invoke/BoundMethodHandle$Species_LI
Event: 183.478 loading class java/lang/invoke/BoundMethodHandle$Species_LI done
Event: 183.726 loading class jdk/internal/reflect/UnsafeQualifiedIntegerFieldAccessorImpl
Event: 183.731 loading class jdk/internal/reflect/UnsafeQualifiedIntegerFieldAccessorImpl done


Dynamic libraries:
0x00007ff6de380000 - 0x00007ff6de390000 	C:\Program Files\Java\jdk-17\bin\java.exe
0x00007ffdbc960000 - 0x00007ffdbcbc7000 	C:\WINDOWS\SYSTEM32\ntdll.dll
0x00007ffdbbde0000 - 0x00007ffdbbeab000 	C:\WINDOWS\System32\KERNEL32.DLL
0x00007ffdb9c20000 - 0x00007ffdba021000 	C:\WINDOWS\System32\KERNELBASE.dll
0x00007ffdba2e0000 - 0x00007ffdba42c000 	C:\WINDOWS\System32\ucrtbase.dll
0x00007ffdb3c60000 - 0x00007ffdb3c79000 	C:\Program Files\Java\jdk-17\bin\jli.dll
0x00007ffdba6e0000 - 0x00007ffdba79b000 	C:\WINDOWS\System32\ADVAPI32.dll
0x00007ffdbbaf0000 - 0x00007ffdbbb99000 	C:\WINDOWS\System32\msvcrt.dll
0x00007ffdba810000 - 0x00007ffdba8b8000 	C:\WINDOWS\System32\sechost.dll
0x00007ffd1d070000 - 0x00007ffd1d08b000 	C:\Program Files\Java\jdk-17\bin\VCRUNTIME140.dll
0x00007ffdbb150000 - 0x00007ffdbb268000 	C:\WINDOWS\System32\RPCRT4.dll
0x00007ffdba8c0000 - 0x00007ffdbaa97000 	C:\WINDOWS\System32\USER32.dll
0x00007ffdba2b0000 - 0x00007ffdba2d7000 	C:\WINDOWS\System32\win32u.dll
0x00007ffdba680000 - 0x00007ffdba6ab000 	C:\WINDOWS\System32\GDI32.dll
0x00007ffd9c2a0000 - 0x00007ffd9c530000 	C:\WINDOWS\WinSxS\amd64_microsoft.windows.common-controls_6595b64144ccf1df_6.0.26100.9549_none_3e0a0396e3330090\COMCTL32.dll
0x00007ffdba0c0000 - 0x00007ffdba1e8000 	C:\WINDOWS\System32\gdi32full.dll
0x00007ffdba440000 - 0x00007ffdba4e3000 	C:\WINDOWS\System32\msvcp_win.dll
0x00007ffdaf9c0000 - 0x00007ffdaf9cb000 	C:\WINDOWS\SYSTEM32\VERSION.dll
0x00007ffdbba20000 - 0x00007ffdbba51000 	C:\WINDOWS\System32\IMM32.DLL
0x00007ffdb3c50000 - 0x00007ffdb3c5c000 	C:\Program Files\Java\jdk-17\bin\vcruntime140_1.dll
0x00007ffcfd770000 - 0x00007ffcfd7fe000 	C:\Program Files\Java\jdk-17\bin\msvcp140.dll
0x00007ffca27c0000 - 0x00007ffca33a0000 	C:\Program Files\Java\jdk-17\bin\server\jvm.dll
0x00007ffdbafa0000 - 0x00007ffdbafa8000 	C:\WINDOWS\System32\PSAPI.DLL
0x00007ffd98ac0000 - 0x00007ffd98aca000 	C:\WINDOWS\SYSTEM32\WSOCK32.dll
0x00007ffdbbd50000 - 0x00007ffdbbdd1000 	C:\WINDOWS\System32\WS2_32.dll
0x00007ffdabdc0000 - 0x00007ffdabdf7000 	C:\WINDOWS\SYSTEM32\WINMM.dll
0x00007ffdb88e0000 - 0x00007ffdb88fb000 	C:\WINDOWS\SYSTEM32\kernel.appcore.dll
0x00007ffdb3c80000 - 0x00007ffdb3c8a000 	C:\Program Files\Java\jdk-17\bin\jimage.dll
0x00007ffdb6a40000 - 0x00007ffdb6c8c000 	C:\WINDOWS\SYSTEM32\DBGHELP.DLL
0x00007ffdbac10000 - 0x00007ffdbaf9a000 	C:\WINDOWS\System32\combase.dll
0x00007ffdbb070000 - 0x00007ffdbb149000 	C:\WINDOWS\System32\OLEAUT32.dll
0x00007ffd9b610000 - 0x00007ffd9b64b000 	C:\WINDOWS\SYSTEM32\dbgcore.DLL
0x00007ffdba1f0000 - 0x00007ffdba29c000 	C:\WINDOWS\System32\bcryptPrimitives.dll
0x00007ffd9a0c0000 - 0x00007ffd9a0ce000 	C:\Program Files\Java\jdk-17\bin\instrument.dll
0x00007ffcfdda0000 - 0x00007ffcfddc5000 	C:\Program Files\Java\jdk-17\bin\java.dll
0x00007ffca25c0000 - 0x00007ffca2697000 	C:\Program Files\Java\jdk-17\bin\jsvml.dll
0x00007ffdbb270000 - 0x00007ffdbba0c000 	C:\WINDOWS\System32\SHELL32.dll
0x00007ffdb7580000 - 0x00007ffdb7e2d000 	C:\WINDOWS\SYSTEM32\windows.storage.dll
0x00007ffdbbbd0000 - 0x00007ffdbbcc9000 	C:\WINDOWS\System32\SHCORE.dll
0x00007ffdbc410000 - 0x00007ffdbc476000 	C:\WINDOWS\System32\shlwapi.dll
0x00007ffdb9a70000 - 0x00007ffdb9a99000 	C:\WINDOWS\SYSTEM32\profapi.dll
0x00007ffd0a2e0000 - 0x00007ffd0a2f8000 	C:\Program Files\Java\jdk-17\bin\zip.dll
0x00007ffd0a320000 - 0x00007ffd0a339000 	C:\Program Files\Java\jdk-17\bin\net.dll
0x00007ffdb02e0000 - 0x00007ffdb040a000 	C:\WINDOWS\SYSTEM32\WINHTTP.dll
0x00007ffdb8e80000 - 0x00007ffdb8eec000 	C:\WINDOWS\system32\mswsock.dll
0x00007ffd0a300000 - 0x00007ffd0a316000 	C:\Program Files\Java\jdk-17\bin\nio.dll
0x00007ffd9bc60000 - 0x00007ffd9bc70000 	C:\Program Files\Java\jdk-17\bin\verify.dll
0x00007ffd99770000 - 0x00007ffd99797000 	C:\Users\user\.gradle\native\c067742578af261105cb4f569cf0c3c89f3d7b1fecec35dd04571415982c5e48\windows-amd64\native-platform.dll
0x00007ffd217e0000 - 0x00007ffd21924000 	C:\Users\user\.gradle\native\100fb08df4bc3b14c8652ba06237920a3bd2aa13389f12d3474272988ae205f9\windows-amd64\native-platform-file-events.dll
0x00007ffd9a120000 - 0x00007ffd9a12a000 	C:\Program Files\Java\jdk-17\bin\management.dll
0x00007ffd9a0d0000 - 0x00007ffd9a0db000 	C:\Program Files\Java\jdk-17\bin\management_ext.dll
0x00007ffdb92c0000 - 0x00007ffdb92db000 	C:\WINDOWS\SYSTEM32\CRYPTSP.dll
0x00007ffdb8840000 - 0x00007ffdb8879000 	C:\WINDOWS\system32\rsaenh.dll
0x00007ffdb8f30000 - 0x00007ffdb8f64000 	C:\WINDOWS\SYSTEM32\USERENV.dll
0x00007ffdb9a40000 - 0x00007ffdb9a6a000 	C:\WINDOWS\SYSTEM32\bcrypt.dll
0x00007ffdb90e0000 - 0x00007ffdb90ec000 	C:\WINDOWS\SYSTEM32\CRYPTBASE.dll
0x00007ffdb8200000 - 0x00007ffdb8233000 	C:\WINDOWS\SYSTEM32\IPHLPAPI.DLL
0x00007ffdbc480000 - 0x00007ffdbc48a000 	C:\WINDOWS\System32\NSI.dll
0x00007ffdb1a40000 - 0x00007ffdb1a5e000 	C:\WINDOWS\SYSTEM32\dhcpcsvc6.DLL
0x00007ffdb19f0000 - 0x00007ffdb1a15000 	C:\WINDOWS\SYSTEM32\dhcpcsvc.DLL
0x00007ffdb8290000 - 0x00007ffdb83e8000 	C:\WINDOWS\SYSTEM32\DNSAPI.dll
0x00007ffdb8c80000 - 0x00007ffdb8c8d000 	C:\WINDOWS\SYSTEM32\DSPARSE.dll
0x00007ffd9a050000 - 0x00007ffd9a05e000 	C:\Program Files\Java\jdk-17\bin\sunmscapi.dll
0x00007ffdba4f0000 - 0x00007ffdba66f000 	C:\WINDOWS\System32\CRYPT32.dll
0x00007ffdb9430000 - 0x00007ffdb9460000 	C:\WINDOWS\SYSTEM32\ncrypt.dll
0x00007ffdb93e0000 - 0x00007ffdb941f000 	C:\WINDOWS\SYSTEM32\NTASN1.dll
0x00007ffd565a0000 - 0x00007ffd565a8000 	C:\WINDOWS\system32\wshunix.dll
0x00007ffd8cbf0000 - 0x00007ffd8cc08000 	C:\WINDOWS\system32\napinsp.dll
0x00007ffd8cef0000 - 0x00007ffd8cf03000 	C:\WINDOWS\System32\winrnr.dll
0x00007ffd8cbc0000 - 0x00007ffd8cbe7000 	C:\WINDOWS\system32\nlansp_c.dll
0x00007ffd8cae0000 - 0x00007ffd8caf6000 	C:\WINDOWS\system32\wshbth.dll
0x00000000509d0000 - 0x00000000509f6000 	C:\Program Files\Bonjour\mdnsNSP.dll
0x00007ffdaffd0000 - 0x00007ffdaffdb000 	C:\Windows\System32\rasadhlp.dll
0x00007ffdb21f0000 - 0x00007ffdb2276000 	C:\WINDOWS\System32\fwpuclnt.dll

dbghelp: loaded successfully - version: 4.0.5 - missing functions: none
symbol engine: initialized successfully - sym options: 0x614 - pdb path: .;C:\Program Files\Java\jdk-17\bin;C:\WINDOWS\SYSTEM32;C:\WINDOWS\WinSxS\amd64_microsoft.windows.common-controls_6595b64144ccf1df_6.0.26100.9549_none_3e0a0396e3330090;C:\Program Files\Java\jdk-17\bin\server;C:\Users\user\.gradle\native\c067742578af261105cb4f569cf0c3c89f3d7b1fecec35dd04571415982c5e48\windows-amd64;C:\Users\user\.gradle\native\100fb08df4bc3b14c8652ba06237920a3bd2aa13389f12d3474272988ae205f9\windows-amd64;C:\Program Files\Bonjour

VM Arguments:
jvm_args: -XX:MaxMetaspaceSize=512m --add-opens=java.base/java.util=ALL-UNNAMED --add-opens=java.base/java.lang=ALL-UNNAMED --add-opens=java.base/java.lang.invoke=ALL-UNNAMED --add-opens=java.prefs/java.util.prefs=ALL-UNNAMED --add-opens=java.base/java.nio.charset=ALL-UNNAMED --add-opens=java.base/java.net=ALL-UNNAMED --add-opens=java.base/java.util.concurrent.atomic=ALL-UNNAMED -Xmx2048m -Dfile.encoding=windows-1252 -Duser.country=IN -Duser.language=en -Duser.variant -javaagent:C:\Users\user\.gradle\wrapper\dists\gradle-8.8-bin\dl7vupf4psengwqhwktix4v1\gradle-8.8\lib\agents\gradle-instrumentation-agent-8.8.jar 
java_command: org.gradle.launcher.daemon.bootstrap.GradleDaemon 8.8
java_class_path (initial): C:\Users\user\.gradle\wrapper\dists\gradle-8.8-bin\dl7vupf4psengwqhwktix4v1\gradle-8.8\lib\gradle-launcher-8.8.jar
Launcher Type: SUN_STANDARD

[Global flags]
     intx CICompilerCount                          = 4                                         {product} {ergonomic}
   size_t CompressedClassSpaceSize                 = 436207616                                 {product} {ergonomic}
     uint ConcGCThreads                            = 3                                         {product} {ergonomic}
     uint G1ConcRefinementThreads                  = 10                                        {product} {ergonomic}
   size_t G1HeapRegionSize                         = 1048576                                   {product} {ergonomic}
    uintx GCDrainStackTargetSize                   = 64                                        {product} {ergonomic}
   size_t InitialHeapSize                          = 130023424                                 {product} {ergonomic}
   size_t MarkStackSize                            = 4194304                                   {product} {ergonomic}
   size_t MaxHeapSize                              = 2147483648                                {product} {command line}
   size_t MaxMetaspaceSize                         = 536870912                                 {product} {command line}
   size_t MaxNewSize                               = 1287651328                                {product} {ergonomic}
   size_t MinHeapDeltaBytes                        = 1048576                                   {product} {ergonomic}
   size_t MinHeapSize                              = 8388608                                   {product} {ergonomic}
    uintx NonNMethodCodeHeapSize                   = 5839372                                {pd product} {ergonomic}
    uintx NonProfiledCodeHeapSize                  = 122909434                              {pd product} {ergonomic}
    uintx ProfiledCodeHeapSize                     = 122909434                              {pd product} {ergonomic}
    uintx ReservedCodeCacheSize                    = 251658240                              {pd product} {ergonomic}
     bool SegmentedCodeCache                       = true                                      {product} {ergonomic}
   size_t SoftMaxHeapSize                          = 2147483648                             {manageable} {ergonomic}
     bool UseCompressedClassPointers               = true                           {product lp64_product} {ergonomic}
     bool UseCompressedOops                        = true                           {product lp64_product} {ergonomic}
     bool UseG1GC                                  = true                                      {product} {ergonomic}
     bool UseLargePagesIndividualAllocation        = false                                  {pd product} {ergonomic}

Logging:
Log output configuration:
 #0: stdout all=warning uptime,level,tags
 #1: stderr all=off uptime,level,tags

Environment Variables:
JAVA_HOME=C:\Program Files\Java\jdk-17
CLASSPATH=C:\Users\user\Downloads\Forge intern\FIC Manager App\frontend\android\\gradle\wrapper\gradle-wrapper.jar
PATH=C:\Python313\Scripts\;C:\Python313\;C:\Program Files\Common Files\Oracle\Java\javapath;C:\Program Files (x86)\NVIDIA Corporation\PhysX\Common;C:\WINDOWS\system32;C:\WINDOWS;C:\WINDOWS\System32\Wbem;C:\WINDOWS\System32\WindowsPowerShell\v1.0\;C:\WINDOWS\System32\OpenSSH\;C:\Program Files\dotnet\;C:\Program Files\nodejs\;C:\ProgramData\chocolatey\bin;C:\Program Files\NVIDIA Corporation\NVIDIA App\NvDLISR;C:\Program Files\Git\cmd;C:\Program Files\Void\bin;C:\Program Files (x86)\Windows Kits\10\Windows Performance Toolkit\;C:\Users\user\AppData\Local\agy\bin;C:\Python313\Scripts\;C:\Python313\;C:\Program Files\Common Files\Oracle\Java\javapath;C:\Program Files (x86)\NVIDIA Corporation\PhysX\Common;C:\WINDOWS\system32;C:\WINDOWS;C:\WINDOWS\System32\Wbem;C:\WINDOWS\System32\WindowsPowerShell\v1.0\;C:\WINDOWS\System32\OpenSSH\;C:\Program Files\dotnet\;C:\Program Files\nodejs\;C:\ProgramData\chocolatey\bin;C:\Program Files\NVIDIA Corporation\NVIDIA App\NvDLISR;C:\Program Files\Git\cmd;C:\Program Files\Void\bin;C:\Program Files (x86)\Windows Kits\10\Windows Performance Toolkit\;C:\Users\user\.local\bin;c:\Users\user\AppData\Local\Programs\cursor\resources\app\codeBin;C:\Users\user\AppData\Local\Microsoft\WindowsApps;C:\Users\user\AppData\Local\Programs\Microsoft VS Code\bin;C:\Users\user\AppData\Roaming\npm;C:\Users\user\AppData\Local\Programs\Ollama;C:\Users\user\AppData\Local\Programs\cursor\resources\app\bin;C:\Users\user\AppData\Local\Programs\Antigravity IDE\bin;C:\Users\user\AppData\Local\Programs\Kiro\bin;C:\Users\user\AppData\Local\Kingsoft\WPS Office\12.1.0.27458\clitool;C:\Users\user\Downloads\flutter_windows_3.44.8-stable\flutter\bin;C:\Users\user\AppData\Local\Android\Sdk\platform-tools;C:\Users\user\AppData\Local\Android\Sdk\platform-tools;C:\Users\user\AppData\Local\Android\Sdk\emulator;C:\Program Files\Java\jdk-17\bin;c:\Users\user\.antigravity-ide\extensions\ms-python.debugpy-2026.6.0-win32-x64\bundled\scripts\noConfigScripts
USERNAME=user
LANG=en_US.UTF-8
OS=Windows_NT
PROCESSOR_IDENTIFIER=Intel64 Family 6 Model 141 Stepping 1, GenuineIntel



---------------  S Y S T E M  ---------------

OS:
 Windows 11 , 64 bit Build 26100 (10.0.26100.9549)
OS uptime: 0 days 2:22 hours
Hyper-V role detected

CPU: total 12 (initial active 12) (6 cores per cpu, 2 threads per core) family 6 model 141 stepping 1 microcode 0x50, cx8, cmov, fxsr, ht, mmx, 3dnowpref, sse, sse2, sse3, ssse3, sse4.1, sse4.2, popcnt, lzcnt, tsc, tscinvbit, avx, avx2, aes, erms, clmul, bmi1, bmi2, adx, avx512f, avx512dq, avx512cd, avx512bw, avx512vl, sha, fma, vzeroupper, avx512_vpopcntdq, avx512_vpclmulqdq, avx512_vaes, avx512_vnni, clflush, clflushopt, clwb, avx512_vbmi2, avx512_vbmi, hv

Memory: 4k page, system-wide physical 7913M (5M free)
TotalPageFile size 28393M (AvailPageFile size 5M)
current process WorkingSet (physical memory assigned to process): 283M, peak: 374M
current process commit charge ("private bytes"): 574M, peak: 666M

vm_info: Java HotSpot(TM) 64-Bit Server VM (17.0.12+8-LTS-286) for windows-amd64 JRE (17.0.12+8-LTS-286), built on Jun  5 2024 06:46:59 by "mach5one" with MS VC++ 17.6 (VS2022)

END.
